analysisWdid,analysisStructure,priorityWdid,priorityStructure,sum_wtd_count
3703524,SYLVAN LAKE,5300584,SHOSHONE POWER PLANT,1309.0
3604923,CLIMAX INTEGRATED WATER SYSTEM,5300584,SHOSHONE POWER PLANT,1090.0
5003647,CONFLUENCE RESERVOIR,5300584,SHOSHONE POWER PLANT,657.0
5104700,WINDY GAP PUMP PL CANAL,5300584,SHOSHONE POWER PLANT,657.0
5303966,GRIMES BROOKS RESERVOIR,5300584,SHOSHONE POWER PLANT,656.0
5000734,DEBERARD DITCH OVERFLOW SYSTEM,5300584,SHOSHONE POWER PLANT,656.0
3600709,LOBACK DITCH,5300584,SHOSHONE POWER PLANT,655.0
5103752,KINGS RESERVOIR,5300584,SHOSHONE POWER PLANT,438.0
5303955,BEAVER DAM RESERVOIR,5300584,SHOSHONE POWER PLANT,438.0
5003616,HEINI RESERVOIR,5300584,SHOSHONE POWER PLANT,438.0
3603624,SWAN RIVER WATER SYSTEM PONDS,5300584,SHOSHONE POWER PLANT,438.0
3702056,MIN FLOW GORE CR LOWER,5300584,SHOSHONE POWER PLANT,438.0
5000617,MCMAHON DITCH,5300584,SHOSHONE POWER PLANT,438.0
5104007,GLENN POND NO 1,5300584,SHOSHONE POWER PLANT,438.0
5104008,GLENN POND NO 2,5300584,SHOSHONE POWER PLANT,438.0
3703545,CAMP HALE POND NO 1,5300584,SHOSHONE POWER PLANT,438.0
5003645,BINCO RESERVOIR,5300584,SHOSHONE POWER PLANT,438.0
5003648,LEWIS RESERVOIR,5300584,SHOSHONE POWER PLANT,438.0
5003649,HEINI-KRAMER RESERVOIR,5300584,SHOSHONE POWER PLANT,438.0
5003651,BASIN RESERVOIR,5300584,SHOSHONE POWER PLANT,438.0
5003655,MILK CREEK RESERVOIR,5300584,SHOSHONE POWER PLANT,438.0
5004600,SARVIS DITCH,5300584,SHOSHONE POWER PLANT,438.0
5003646,MARTIN RESERVOIR,5300584,SHOSHONE POWER PLANT,438.0
5100763,KINNEY BARRIGER DITCH,5300584,SHOSHONE POWER PLANT,438.0
3703684,BRETT RANCH POND,5300584,SHOSHONE POWER PLANT,438.0
3703608,BLACK LAKE,5300584,SHOSHONE POWER PLANT,438.0
5303976,JONES NO 3 RESERVOIR,5300584,SHOSHONE POWER PLANT,438.0
3604692,CON-HOOSIER - EAST HOOSIER DITCH CLAIM 1,5300584,SHOSHONE POWER PLANT,437.0
5003624,MARTIN LILY POND RESERVOIR,5300584,SHOSHONE POWER PLANT,437.0
5103709,WILLIAMS FORK RESERVOIR,5300584,SHOSHONE POWER PLANT,437.0
3703516,G G LOWER RESERVOIR,5300584,SHOSHONE POWER PLANT,437.0
5203940,JONES RESERVOIR,5300584,SHOSHONE POWER PLANT,437.0
5003618,HINMAN RESERVOIR,5300584,SHOSHONE POWER PLANT,437.0
3703517,G G RESERVOIR,5300584,SHOSHONE POWER PLANT,437.0
5003606,ANTELOPE RESERVOIR,5300584,SHOSHONE POWER PLANT,437.0
5000768,MARTIN LILY POND FEEDER DITCH,5300584,SHOSHONE POWER PLANT,437.0
3603543,GREEN MOUNTAIN RESERVOIR,5300584,SHOSHONE POWER PLANT,437.0
3700848,WARREN DITCH,5300584,SHOSHONE POWER PLANT,437.0
3600671,INDEPENDENT BLUE DITCH,5300584,SHOSHONE POWER PLANT,437.0
3600649,HAMILTON DAVIDSON DITCH,5300584,SHOSHONE POWER PLANT,436.0
3603548,HOAGLAND NO 1 RESERVOIR,5300584,SHOSHONE POWER PLANT,436.0
3803815,CORYELL POND NO 2A,7200646,GRAND VALLEY PROJECT,282.0
3602037,MIN FLOW BLUE RIVER 4 - SWAN RIVER TO DILLON,5300584,SHOSHONE POWER PLANT,219.0
3703551,MIN LAKE GORE LAKE,5300584,SHOSHONE POWER PLANT,219.0
3600780,PLUNGER DITCH,5300584,SHOSHONE POWER PLANT,219.0
3703569,MIN LAKE MUCKEY,5300584,SHOSHONE POWER PLANT,219.0
5103713,CONRICK RESERVOIR,5300584,SHOSHONE POWER PLANT,219.0
3703556,MIN LAKE LAKE THOMAS,5300584,SHOSHONE POWER PLANT,219.0
3703554,MIN LAKE HUNKY DORY,5300584,SHOSHONE POWER PLANT,219.0
5103716,EASTWIND NO 1 RESERVOIR,5300584,SHOSHONE POWER PLANT,219.0
3703552,MIN LAKE GROUSE LAKE,5300584,SHOSHONE POWER PLANT,219.0
5103724,MORAINE LAKE NO 1,5300584,SHOSHONE POWER PLANT,219.0
3703550,MIN LAKE FANCY,5300584,SHOSHONE POWER PLANT,219.0
5103725,MORAINE LAKE NO 2,5300584,SHOSHONE POWER PLANT,219.0
3703877,TRACEYS RESERVOIR,5300584,SHOSHONE POWER PLANT,219.0
5103726,MORAINE LAKE NO 3,5300584,SHOSHONE POWER PLANT,219.0
3703547,MIN LAKE DELUGE LAKE,5300584,SHOSHONE POWER PLANT,219.0
5103730,MOUNTAIN VALLEY RESERVOIR NO 1,5300584,SHOSHONE POWER PLANT,219.0
3703546,MIN LAKE CLEVELAND,5300584,SHOSHONE POWER PLANT,219.0
5103732,GAYLORD RESERVOIR,5300584,SHOSHONE POWER PLANT,219.0
5304023,TROUTVILLE POND NO 1,5300584,SHOSHONE POWER PLANT,219.0
5103737,TWINFLOWER LAKE,5300584,SHOSHONE POWER PLANT,219.0
3703544,CAMP HALE POND,5300584,SHOSHONE POWER PLANT,219.0
5103739,VILLAGE LAKE AT WINTER PARK RANCH,5300584,SHOSHONE POWER PLANT,219.0
3703580,SCUDDER RESERVOIR,5300584,SHOSHONE POWER PLANT,219.0
5103694,SCHOLL RESERVOIR,5300584,SHOSHONE POWER PLANT,219.0
3703590,MIN LAKE WHITNEY,5300584,SHOSHONE POWER PLANT,219.0
3703598,K A C RESERVOIR,5300584,SHOSHONE POWER PLANT,219.0
5103652,CLAYTON RESERVOIR NO 1,5300584,SHOSHONE POWER PLANT,219.0
3703604,WEBSTER FISH POND NO 1,5300584,SHOSHONE POWER PLANT,219.0
5103659,F W LINKE RESERVOIR,5300584,SHOSHONE POWER PLANT,219.0
3703603,LAKE CREEK  MEADOWS RES,5300584,SHOSHONE POWER PLANT,219.0
5103660,F W LINKE NO 2 RESERVOIR,5300584,SHOSHONE POWER PLANT,219.0
3703601,EAGLE POND,5300584,SHOSHONE POWER PLANT,219.0
5103661,F W LINKE NO 3 RESERVOIR,5300584,SHOSHONE POWER PLANT,219.0
3703600,BENCHMARK LAKE,5300584,SHOSHONE POWER PLANT,219.0
5103665,HANKINSON RESERVOIR,5300584,SHOSHONE POWER PLANT,219.0
5103682,LITTLE BUCKAROO FISH PND,5300584,SHOSHONE POWER PLANT,219.0
5103740,VILLAGE LAKE NO 2 AT WINTER PARK RANCH,5300584,SHOSHONE POWER PLANT,219.0
3703597,KEELER RESERVOIR,5300584,SHOSHONE POWER PLANT,219.0
3703863,N MILLER RESERVOIR,5300584,SHOSHONE POWER PLANT,219.0
3703596,COTTON POND,5300584,SHOSHONE POWER PLANT,219.0
5003640,WHEATLEY DIVR POND NO 1,5300584,SHOSHONE POWER PLANT,219.0
3703595,GOLF COURSE RES NO 2,5300584,SHOSHONE POWER PLANT,219.0
5103688,MUSGRAVE RESERVOIR,5300584,SHOSHONE POWER PLANT,219.0
3703594,GOLF COURSE RES NO 1,5300584,SHOSHONE POWER PLANT,219.0
5103693,ROCK CREEK RESERVOIR,5300584,SHOSHONE POWER PLANT,219.0
3703591,WILKINSON RESERVOIR,5300584,SHOSHONE POWER PLANT,219.0
3703543,BUXMAN FISH POND,5300584,SHOSHONE POWER PLANT,219.0
3703541,MIN LAKE BOWL OF TEARS,5300584,SHOSHONE POWER PLANT,219.0
3703542,MIN LAKE BRADY NO 1,5300584,SHOSHONE POWER PLANT,219.0
3702048,MIN FLOW BEAVER CREEK,5300584,SHOSHONE POWER PLANT,219.0
5104018,KOVACS POND NO 1,5300584,SHOSHONE POWER PLANT,219.0
3703510,BLACK LAKE NO 2,5300584,SHOSHONE POWER PLANT,219.0
5104019,KOVACS POND NO 2,5300584,SHOSHONE POWER PLANT,219.0
3702059,MIN FLOW EAGLE RIVER LAKE CR TO BRUSH CR,5300584,SHOSHONE POWER PLANT,219.0
5104020,LITTLE HO RESERVOIR,5300584,SHOSHONE POWER PLANT,219.0
3702057,MIN FLOW GORE CR MIDDLE,5300584,SHOSHONE POWER PLANT,219.0
5104021,MEADOW SPRINGS RESERVOIR,5300584,SHOSHONE POWER PLANT,219.0
3600985,BLUE VALLEY RANCH HYDRO,5300584,SHOSHONE POWER PLANT,219.0
5104022,PASCAL POND NO 1,5300584,SHOSHONE POWER PLANT,219.0
5104023,PASCAL POND NO 2,5300584,SHOSHONE POWER PLANT,219.0
5104013,DOE CREEK RESERVOIR,5300584,SHOSHONE POWER PLANT,219.0
3702046,MIN FLOW EAGLE RIVER S AND E FK TO RESOLUTION CR,5300584,SHOSHONE POWER PLANT,219.0
5104024,PICKERING RESERVOIR,5300584,SHOSHONE POWER PLANT,219.0
3702043,MIN FLOW BRUSH CREEK,5300584,SHOSHONE POWER PLANT,219.0
5104025,ROBINSON SWAN DITCH NO 1 POND 1,5300584,SHOSHONE POWER PLANT,219.0
3702042,MIN FLOW EAGLE RIVER CROSS CR TO GORE CR,5300584,SHOSHONE POWER PLANT,219.0
5104026,ROBINSON SWAN DITCH NO 2 POND 1,5300584,SHOSHONE POWER PLANT,219.0
3702041,MIN FLOW EAGLE RIVER GORE CR TO LAKE CR,5300584,SHOSHONE POWER PLANT,219.0
5303996,STOUT RESERVOIR,5300584,SHOSHONE POWER PLANT,219.0
3702034,MIN FLOW EAGLE RIVER RESOLUTION TO HOMESTAKE,5300584,SHOSHONE POWER PLANT,219.0
3703513,CHALK MOUNTAIN RESERVOIR,5300584,SHOSHONE POWER PLANT,219.0
5104012,COTTONWOOD RESERVOIR,5300584,SHOSHONE POWER PLANT,219.0
5103742,WINDY GAP RESERVOIR,5300584,SHOSHONE POWER PLANT,219.0
5103750,FRASER VALLEY DOWNSTREAM RESERVOIR,5300584,SHOSHONE POWER PLANT,219.0
5102115,MIN FLOW WILLOW CREEK CABIN CK - BLM,5300584,SHOSHONE POWER PLANT,219.0
5103745,POLE CREEK MEADOWS RESERVOIR NO 1,5300584,SHOSHONE POWER PLANT,219.0
3703540,MIN LAKE BORAH,5300584,SHOSHONE POWER PLANT,219.0
5103746,ALLEN'S RESERVOIR AND DITCH,5300584,SHOSHONE POWER PLANT,219.0
3703539,MIN LAKE BRADY 2 (SOPRIS,5300584,SHOSHONE POWER PLANT,219.0
5103747,DIXON NORTHROP RESERVOIR,5300584,SHOSHONE POWER PLANT,219.0
3703538,MIN LAKE BLODGETT LAKE,5300584,SHOSHONE POWER PLANT,219.0
5103748,LEWIS POND EMPOUNDMENT,5300584,SHOSHONE POWER PLANT,219.0
3703537,MIN LAKE BENCH LAKE NO 2,5300584,SHOSHONE POWER PLANT,219.0
3703536,MIN LAKE BENCH LAKE NO 1,5300584,SHOSHONE POWER PLANT,219.0
5304017,JACK HILL RESERVOIR,5300584,SHOSHONE POWER PLANT,219.0
3703535,MIN LAKE BEAVER,5300584,SHOSHONE POWER PLANT,219.0
5104006,BULL RUN CREEK RESERVOIR,5300584,SHOSHONE POWER PLANT,219.0
3703534,MIN LAKE ANTOINES CAB 2,5300584,SHOSHONE POWER PLANT,219.0
5304020,MACKINAW LAKE RES NO 2,5300584,SHOSHONE POWER PLANT,219.0
3703533,MIN LAKE ANTOINES CAB 1,5300584,SHOSHONE POWER PLANT,219.0
5304019,LYLE FISH POND NO 1,5300584,SHOSHONE POWER PLANT,219.0
3703522,NOECKER RESERVOIR,5300584,SHOSHONE POWER PLANT,219.0
3703878,TRAER GULCH RESERVOIR,5300584,SHOSHONE POWER PLANT,219.0
5104010,MURPHY RESERVOIR,5300584,SHOSHONE POWER PLANT,219.0
3703605,WEBSTER FISH POND NO 2,5300584,SHOSHONE POWER PLANT,219.0
5102069,MIN FLOW COLORADO RIVER RANGER CK-GRANBY RESERVOIR,5300584,SHOSHONE POWER PLANT,219.0
3703606,WEBSTER FISH POND NO 3,5300584,SHOSHONE POWER PLANT,219.0
3703756,PILGRIM RANCH POND NO 6,5300584,SHOSHONE POWER PLANT,219.0
3703811,BEAR GUL RES,5300584,SHOSHONE POWER PLANT,219.0
5100629,FARRIS SOUTH SIDE DITCH,5300584,SHOSHONE POWER PLANT,219.0
3703765,PILGRIM RANCH POND NO 15,5300584,SHOSHONE POWER PLANT,219.0
3703760,PILGRIM RANCH POND NO 10,5300584,SHOSHONE POWER PLANT,219.0
3703851,LOST LAKE,5300584,SHOSHONE POWER PLANT,219.0
3703759,PILGRIM RANCH POND NO 9,5300584,SHOSHONE POWER PLANT,219.0
5304026,TROUTVILLE POND NO 4,5300584,SHOSHONE POWER PLANT,219.0
3703757,PILGRIM RANCH POND NO 7,5300584,SHOSHONE POWER PLANT,219.0
5304025,TROUTVILLE POND NO 3,5300584,SHOSHONE POWER PLANT,219.0
3703855,MCGINLEY RESERVOIR,5300584,SHOSHONE POWER PLANT,219.0
3703813,BIG PARKS RESERVOIR,5300584,SHOSHONE POWER PLANT,219.0
3703755,PILGRIM RANCH POND NO 5,5300584,SHOSHONE POWER PLANT,219.0
5003644,ALBERT RESERVOIR,5300584,SHOSHONE POWER PLANT,219.0
3703754,PILGRIM RANCH POND NO 4,5300584,SHOSHONE POWER PLANT,219.0
3703856,MCKENZIE RESERVOIR,5300584,SHOSHONE POWER PLANT,219.0
3703753,PILGRIM RANCH POND NO 3,5300584,SHOSHONE POWER PLANT,219.0
5101070,HENDERSON MINE WATER SYSTEM,5300584,SHOSHONE POWER PLANT,219.0
3703751,PILGRIM RANCH POND NO 1,5300584,SHOSHONE POWER PLANT,219.0
5101148,THOMPSON PUMP NO 1,5300584,SHOSHONE POWER PLANT,219.0
3703743,JONES CASTLE CREEK POND,5300584,SHOSHONE POWER PLANT,219.0
5100546,BUNTE HIGHLINE DITCH,5300584,SHOSHONE POWER PLANT,219.0
5000576,HAYPARK CANAL HGT NO 1,5300584,SHOSHONE POWER PLANT,219.0
3702028,MIN FLOW EAGLE RIVER HOMESTAKE TO CROSS CR,5300584,SHOSHONE POWER PLANT,219.0
3703825,CROSS GUL #2 RESERVOIR,5300584,SHOSHONE POWER PLANT,219.0
3703840,GYPSUM CRWD3 RESERVOIR,5300584,SHOSHONE POWER PLANT,219.0
3703838,FROST RESERVOIR,5300584,SHOSHONE POWER PLANT,219.0
3703836,ERICKSON LK RESERVOIR,5300584,SHOSHONE POWER PLANT,219.0
5003650,SARACENO RESERVOIR,5300584,SHOSHONE POWER PLANT,219.0
3703833,EAST BEARD RESERVOIR,5300584,SHOSHONE POWER PLANT,219.0
3703830,DENISON RESERVOIR,5300584,SHOSHONE POWER PLANT,219.0
5003652,COLBURN RESERVOIR,5300584,SHOSHONE POWER PLANT,219.0
3703829,DENISON D RESERVOIR,5300584,SHOSHONE POWER PLANT,219.0
5003653,COLBURN RESERVOIR NO 2,5300584,SHOSHONE POWER PLANT,219.0
5003654,CURRAN POND,5300584,SHOSHONE POWER PLANT,219.0
3703847,JAMES RESERVOIR,5300584,SHOSHONE POWER PLANT,219.0
3703822,CHERRY LAKE,5300584,SHOSHONE POWER PLANT,219.0
3703820,BUCK CR RESERVOIR,5300584,SHOSHONE POWER PLANT,219.0
5003659,DAVISON RESERVOIR,5300584,SHOSHONE POWER PLANT,219.0
3703818,BROOKS RESERVOIR,5300584,SHOSHONE POWER PLANT,219.0
5003661,HARTMAN NO 2 POND,5300584,SHOSHONE POWER PLANT,219.0
3703817,BOWN RESERVOIR,5300584,SHOSHONE POWER PLANT,219.0
5003668,WOLFORD MOUNTAIN RESERVOIR,5300584,SHOSHONE POWER PLANT,219.0
3703816,BORAH LAKE,5300584,SHOSHONE POWER PLANT,219.0
5003677,CARTER POND,5300584,SHOSHONE POWER PLANT,219.0
5101149,THOMPSON PUMP NO 2,5300584,SHOSHONE POWER PLANT,219.0
3703718,JHY RESERVOIR,5300584,SHOSHONE POWER PLANT,219.0
5101237,WILLIAMS FORK POWER CONDUIT,5300584,SHOSHONE POWER PLANT,219.0
3703630,SCHMIDT GYPSUM RANCH DAM,5300584,SHOSHONE POWER PLANT,219.0
5102040,MIN LEVEL BLUE LAKE,5300584,SHOSHONE POWER PLANT,219.0
3703659,WATERFORD RANCH PD P8-2,5300584,SHOSHONE POWER PLANT,219.0
5102041,MIN LEVEL BOWEN LAKE,5300584,SHOSHONE POWER PLANT,219.0
3703645,WATERFORD RANCH PD P7-1,5300584,SHOSHONE POWER PLANT,219.0
5102042,MIN LEVEL CARIBOU LAKE,5300584,SHOSHONE POWER PLANT,219.0
3703644,OLSEN RESERVOIR NO 1,5300584,SHOSHONE POWER PLANT,219.0
5102043,MIN LEVEL COLUMBINE LAKE,5300584,SHOSHONE POWER PLANT,219.0
3703635,15TH HOLE RESERVOIR,5300584,SHOSHONE POWER PLANT,219.0
5102044,MIN LEVEL CRATER LAKE,5300584,SHOSHONE POWER PLANT,219.0
5102045,MIN LEVEL GOURD LAKE,5300584,SHOSHONE POWER PLANT,219.0
3703706,OGILBY RESERVOIR,5300584,SHOSHONE POWER PLANT,219.0
3703627,JUNE CREEK RESERVOIR,5300584,SHOSHONE POWER PLANT,219.0
5102046,MIN LEVEL PARIKA LAKE,5300584,SHOSHONE POWER PLANT,219.0
3703616,ARROWHEAD DAM,5300584,SHOSHONE POWER PLANT,219.0
5102047,MIN LEVEL PAWNEE LAKE,5300584,SHOSHONE POWER PLANT,219.0
3703614,BEST POND,5300584,SHOSHONE POWER PLANT,219.0
5102048,MIN LEVEL STONE LAKE,5300584,SHOSHONE POWER PLANT,219.0
5304024,TROUTVILLE POND NO 2,5300584,SHOSHONE POWER PLANT,219.0
5102068,MIN FLOW NORTH FORK COLORADO RIVER,5300584,SHOSHONE POWER PLANT,219.0
3703607,STAUFER RESERVOIR,5300584,SHOSHONE POWER PLANT,219.0
3703665,WATERFORD RANCH PD P19-1,5300584,SHOSHONE POWER PLANT,219.0
5003641,WHEATLEY DIVR POND NO 2,5300584,SHOSHONE POWER PLANT,219.0
3703681,WILLOW CREEK RES NO1 ENL,5300584,SHOSHONE POWER PLANT,219.0
5102038,MIN FLOW COLORADO RIVER WINDY GAP-WILLIAMS FORK,5300584,SHOSHONE POWER PLANT,219.0
3703704,14TH HOLE RESERVOIR,5300584,SHOSHONE POWER PLANT,219.0
3703703,CHAROLAIS RESERVOIR,5300584,SHOSHONE POWER PLANT,219.0
3703859,METENYPK RESERVOIR,5300584,SHOSHONE POWER PLANT,219.0
5102012,MIN FLOW WILLOW CREEK PASS CK - BLM,5300584,SHOSHONE POWER PLANT,219.0
3703695,ROCHFORD POND,5300584,SHOSHONE POWER PLANT,219.0
5102014,MIN FLOW WILLIAMS FORK RIVER,5300584,SHOSHONE POWER PLANT,219.0
3703690,COTTON POND NO 2,5300584,SHOSHONE POWER PLANT,219.0
5102016,MIN FLOW WILLIAMS FORK RIVER,5300584,SHOSHONE POWER PLANT,219.0
3703689,CORNWELL POND NO 1,5300584,SHOSHONE POWER PLANT,219.0
5102027,MIN FLOW WILLIAMS FORK RIVER,5300584,SHOSHONE POWER PLANT,219.0
3703688,PETTY RESERVOIR,5300584,SHOSHONE POWER PLANT,219.0
5102028,MIN FLOW WILLIAMS FORK RIVER,5300584,SHOSHONE POWER PLANT,219.0
3703686,MONROE POND,5300584,SHOSHONE POWER PLANT,219.0
5102035,MIN FLOW WILLIAMS FORK RIVER,5300584,SHOSHONE POWER PLANT,219.0
5000606,MISSOURI DITCH,5300584,SHOSHONE POWER PLANT,219.0
5102036,MIN FLOW COLORADO RIVER TROUBLESOME-BLUE,5300584,SHOSHONE POWER PLANT,219.0
3703683,6TH HOLE RESERVOIR,5300584,SHOSHONE POWER PLANT,219.0
5102037,MIN FLOW COLORADO RIVER WILLIAMS FK-TROUBLESOME,5300584,SHOSHONE POWER PLANT,219.0
3703682,18TH HOLE RESERVOIR,5300584,SHOSHONE POWER PLANT,219.0
5104028,ROBINSON SWAN DITCH NO 2 POND 2,5300584,SHOSHONE POWER PLANT,219.0
5104027,ROBINSON SWAN DITCH NO 1 POND 2,5300584,SHOSHONE POWER PLANT,219.0
5104029,ROBINSON SWAN DITCH NO 2 POND 3,5300584,SHOSHONE POWER PLANT,219.0
3603578,GRIGGS RESERVOIR NO 3,5300584,SHOSHONE POWER PLANT,219.0
5300594,GRIMES BROOKS FDR2 D HG2,5300584,SHOSHONE POWER PLANT,219.0
3603589,MIN LAKE MOHAWK  NO 7,5300584,SHOSHONE POWER PLANT,219.0
5300595,GRIMES BROOKS R INTAKE D,5300584,SHOSHONE POWER PLANT,219.0
3603588,MIN LAKE MOHAWK NO 6,5300584,SHOSHONE POWER PLANT,219.0
5300621,HIGHWATER DITCH,5300584,SHOSHONE POWER PLANT,219.0
3603587,MIN LAKE MOHAWK NO 5,5300584,SHOSHONE POWER PLANT,219.0
5300662,KEEP DITCH,5300584,SHOSHONE POWER PLANT,219.0
3603586,MIN LAKE MOHAWK NO 2,5300584,SHOSHONE POWER PLANT,219.0
5300704,MIDDLE DERBY DITCH,5300584,SHOSHONE POWER PLANT,219.0
3603585,MIN LAKE LOWER WHEELER,5300584,SHOSHONE POWER PLANT,219.0
5300754,PIPELINE DITCH,5300584,SHOSHONE POWER PLANT,219.0
3603584,MIN LAKE LOST LAKE,5300584,SHOSHONE POWER PLANT,219.0
5302006,MIN FLOW SWEETWATER CR,5300584,SHOSHONE POWER PLANT,219.0
3603583,HEIT RANCH RESERVOIR,5300584,SHOSHONE POWER PLANT,219.0
5302007,MIN FLOW DEEP CREEK,5300584,SHOSHONE POWER PLANT,219.0
3603582,GRIGGS RESERVOIR NO 7,5300584,SHOSHONE POWER PLANT,219.0
3704516,HOMESTAKE PROJ RESERVOIR,5300584,SHOSHONE POWER PLANT,219.0
3603581,GRIGGS RESERVOIR NO 6,5300584,SHOSHONE POWER PLANT,219.0
3603580,GRIGGS RESERVOIR NO 5,5300584,SHOSHONE POWER PLANT,219.0
3704614,HOMESTAKE PROJ TUNNEL,5300584,SHOSHONE POWER PLANT,219.0
3603579,GRIGGS RESERVOIR NO 4,5300584,SHOSHONE POWER PLANT,219.0
3603591,MIN LAKE SALMON LAKE,5300584,SHOSHONE POWER PLANT,219.0
5304004,WOHLER RESERVOIR,5300584,SHOSHONE POWER PLANT,219.0
3603592,SHANE RESERVOIR,5300584,SHOSHONE POWER PLANT,219.0
3603604,MIN LAKE MAHAN LAKE,5300584,SHOSHONE POWER PLANT,219.0
5204002,NELKREPI24 RESERVOIR,5300584,SHOSHONE POWER PLANT,219.0
3702018,MIN FLOW CROSS CR LOWER,5300584,SHOSHONE POWER PLANT,219.0
5204003,PEYTON RESERVOIR,5300584,SHOSHONE POWER PLANT,219.0
3603610,SWEETWATER POND NO 2,5300584,SHOSHONE POWER PLANT,219.0
5204005,PINJNRPI20 RESERVOIR,5300584,SHOSHONE POWER PLANT,219.0
3603606,OFFICERS GULCH POND,5300584,SHOSHONE POWER PLANT,219.0
5204006,REED RESERVOIR,5300584,SHOSHONE POWER PLANT,219.0
3603605,MIN LAKE MIRROR LAKE,5300584,SHOSHONE POWER PLANT,219.0
5204008,SOUTHFORK RESERVOIR,5300584,SHOSHONE POWER PLANT,219.0
5204012,STEINRPI22 RESERVOIR,5300584,SHOSHONE POWER PLANT,219.0
5204020,WASPRE PI21 RESERVOIR,5300584,SHOSHONE POWER PLANT,219.0
3603599,SAWMILL RESERVOIR,5300584,SHOSHONE POWER PLANT,219.0
5204013,TRIANGLE RESERVOIR,5300584,SHOSHONE POWER PLANT,219.0
3603596,BILLS RANCH LAKE,5300584,SHOSHONE POWER PLANT,219.0
5204014,TWINPINE RESERVOIR,5300584,SHOSHONE POWER PLANT,219.0
3603595,VALLEY OF THE BLUE RESERVOIR 1,5300584,SHOSHONE POWER PLANT,219.0
5204018,UNCAPHER SPR RESERVOIR,5300584,SHOSHONE POWER PLANT,219.0
3603594,MIN LAKE UPPER WHEELER,5300584,SHOSHONE POWER PLANT,219.0
5204019,WALTER RESERVOIR,5300584,SHOSHONE POWER PLANT,219.0
3603593,MIN LAKE SLATE LAKE NO 1,5300584,SHOSHONE POWER PLANT,219.0
3601100,BLUE RIVER VALLEY RANCH RESERVOIR DIVERSION,5300584,SHOSHONE POWER PLANT,219.0
5303536,HANGING LAKE,5300584,SHOSHONE POWER PLANT,219.0
5204000,MONIGFLAT RESERVOIR,5300584,SHOSHONE POWER PLANT,219.0
3603575,CLINTON GULCH RESERVOIR,5300584,SHOSHONE POWER PLANT,219.0
3603542,GOOSE PASTURE TARN,5300584,SHOSHONE POWER PLANT,219.0
3602033,MIN FLOW SNAKE RIVER LOW - NORTH FORK TO DILLON,5300584,SHOSHONE POWER PLANT,219.0
3603537,BUMGARNER RESERVOIR,5300584,SHOSHONE POWER PLANT,219.0
5303978,KELLY RESERVOIR,5300584,SHOSHONE POWER PLANT,219.0
5303998,TEPE RESERVOIR,5300584,SHOSHONE POWER PLANT,219.0
5303979,KING MOUNTAIN RES-UPPER,5300584,SHOSHONE POWER PLANT,219.0
5000762,MCMAHON DITCH (DEER CR),5300584,SHOSHONE POWER PLANT,219.0
5303982,LUARK RESERVOIR,5300584,SHOSHONE POWER PLANT,219.0
3602049,MIN FLOW BLUE RIVER 11 - GMR TO COLORADO RIVER,5300584,SHOSHONE POWER PLANT,219.0
5303983,MCCOY RESERVOIR,5300584,SHOSHONE POWER PLANT,219.0
3602048,MIN FLOW BLUE RIVER 10 - SLATE CK TO GMR,5300584,SHOSHONE POWER PLANT,219.0
5303988,NEWTON GULCH RESERVOIR,5300584,SHOSHONE POWER PLANT,219.0
3602047,MIN FLOW BLUE RIVER 9 - BOULDER CK TO SLATE CK,5300584,SHOSHONE POWER PLANT,219.0
5303989,NOBLE RESERVOIR,5300584,SHOSHONE POWER PLANT,219.0
3602046,MIN FLOW BLUE RIVER 8 - ROCK CK TO BOULDER CK,5300584,SHOSHONE POWER PLANT,219.0
5000754,KIRTZ DITCH NO 2 HG NO 4,5300584,SHOSHONE POWER PLANT,219.0
3602045,MIN FLOW BLUE RIVER 7 - ROCK CK TO WILLOW CK,5300584,SHOSHONE POWER PLANT,219.0
5303994,SAWMILL RESERVOIR,5300584,SHOSHONE POWER PLANT,219.0
3602044,MIN FLOW BLUE RIVER 6 - STRAIGHT CK TO WILLOW CK,5300584,SHOSHONE POWER PLANT,219.0
5303995,STERNER RESERVOIR,5300584,SHOSHONE POWER PLANT,219.0
3602043,MIN FLOW BLUE RIVER 5 - DILLON TO STRAIGHT CK,5300584,SHOSHONE POWER PLANT,219.0
5303972,HIDDEN SPRINGS RESERVOIR,5300584,SHOSHONE POWER PLANT,219.0
5303999,TONIER GULCH RESERVOIR,5300584,SHOSHONE POWER PLANT,219.0
5303971,HEART LAKE RESERVOIR,5300584,SHOSHONE POWER PLANT,219.0
3603569,UPPER BLACK CREEK RESERVOIR,5300584,SHOSHONE POWER PLANT,219.0
5303543,LOST LAKE,5300584,SHOSHONE POWER PLANT,219.0
3603574,MIN LAKE CLIFF LAKE,5300584,SHOSHONE POWER PLANT,219.0
5303562,UP IS LAKE,5300584,SHOSHONE POWER PLANT,219.0
3603573,MIN LAKE BOULDER LAKE,5300584,SHOSHONE POWER PLANT,219.0
5303565,W DEAD HORSE RESERVOIR,5300584,SHOSHONE POWER PLANT,219.0
3603571,WAY RESERVOIR,5300584,SHOSHONE POWER PLANT,219.0
5303952,A J RESERVOIR,5300584,SHOSHONE POWER PLANT,219.0
3603570,CON-HOOSIER UPPER BLUE LAKE,5300584,SHOSHONE POWER PLANT,219.0
5304002,TRAIL RESERVOIR,5300584,SHOSHONE POWER PLANT,219.0
5303960,CRESENT LAKE RESERVOIR,5300584,SHOSHONE POWER PLANT,219.0
3603544,GRIGGS RESERVOIR,5300584,SHOSHONE POWER PLANT,219.0
3704643,HOMESTAKE PROJ CONDUIT,5300584,SHOSHONE POWER PLANT,219.0
5303961,ED W HARPER RESERVOIR,5300584,SHOSHONE POWER PLANT,219.0
3603555,LOST LAKE RESERVOIR,5300584,SHOSHONE POWER PLANT,219.0
5303963,E M CURRY RESERVOIR,5300584,SHOSHONE POWER PLANT,219.0
3603549,JONES RESERVOIR,5300584,SHOSHONE POWER PLANT,219.0
3602030,MIN FLOW BLUE RIVER 3 - SWAN RIVER UP TO POND,5300584,SHOSHONE POWER PLANT,219.0
5000770,CARTER CREEK FEEDER DITCH,5300584,SHOSHONE POWER PLANT,219.0
3603545,GRIGGS RESERVOIR NO 2,5300584,SHOSHONE POWER PLANT,219.0
5303969,HADLEY NO 2 RESERVOIR,5300584,SHOSHONE POWER PLANT,219.0
3603612,SWEETWATER POND NO 4,5300584,SHOSHONE POWER PLANT,219.0
3603611,SWEETWATER POND NO 3,5300584,SHOSHONE POWER PLANT,219.0
3603613,SWEETWATER POND NO 5,5300584,SHOSHONE POWER PLANT,219.0
5200662,BEST DITCH,5300584,SHOSHONE POWER PLANT,219.0
3703882,USAWMILL GUL RESERVOIR,5300584,SHOSHONE POWER PLANT,219.0
5003625,MATHESON RESERVOIR,5300584,SHOSHONE POWER PLANT,219.0
5104049,NORGREN RESERVOIR,5300584,SHOSHONE POWER PLANT,219.0
3700613,GRACE PARK DITCH,5300584,SHOSHONE POWER PLANT,219.0
3703883,VANHORN RESERVOIR,5300584,SHOSHONE POWER PLANT,219.0
5104051,SUN VALLEY RESERVOIR,5300584,SHOSHONE POWER PLANT,219.0
5304015,HERRES POND,5300584,SHOSHONE POWER PLANT,219.0
5104052,OURAY RESERVOIR NO 2,5300584,SHOSHONE POWER PLANT,219.0
3604699,CON-HOOSIER TUNNEL,5300584,SHOSHONE POWER PLANT,219.0
5104053,OURAY RESERVOIR NO 1,5300584,SHOSHONE POWER PLANT,219.0
3604696,CON-HOOSIER - DITCH CLAIM 2,5300584,SHOSHONE POWER PLANT,219.0
5104054,ECKER POND,5300584,SHOSHONE POWER PLANT,219.0
3601044,BRECKENRIDGE SKI AREA PUMP PLANT & PIPELINE,5300584,SHOSHONE POWER PLANT,219.0
5304014,GEORGE A GATES RES NO 2,5300584,SHOSHONE POWER PLANT,219.0
3604690,CON-HOOSIER SYS MCCULLOUGH DITCH,5300584,SHOSHONE POWER PLANT,219.0
5000662,WHEATLEY DITCH NO 2,5300584,SHOSHONE POWER PLANT,219.0
3604688,CON-HOOSIER SYS DITCH INTERCEPTED FLOWS,5300584,SHOSHONE POWER PLANT,219.0
3703884,W THIRD GUL RESERVOIR,5300584,SHOSHONE POWER PLANT,219.0
3604687,CON-HOOSIER SYS CRYSTAL DITCH,5300584,SHOSHONE POWER PLANT,219.0
5203996,FILBUR RESERVOIR,5300584,SHOSHONE POWER PLANT,219.0
5200632,SCHLEGAL DITCH (ALKALI),5300584,SHOSHONE POWER PLANT,219.0
3700683,LEONARD HORN DITCH NO 1,5300584,SHOSHONE POWER PLANT,219.0
5104048,NIELSEN RESERVOIR,5300584,SHOSHONE POWER PLANT,219.0
3700684,LEONARD HORN DITCH NO 2,5300584,SHOSHONE POWER PLANT,219.0
3701086,STONE CR RES AND DITCH,5300584,SHOSHONE POWER PLANT,219.0
5104032,WHITING RESERVOIR NO 1,5300584,SHOSHONE POWER PLANT,219.0
3702012,MIN FLOW EAGLE RIVER BRUSH CR TO COLO R,5300584,SHOSHONE POWER PLANT,219.0
5104037,C LAZY U FISH POND NO 2,5300584,SHOSHONE POWER PLANT,219.0
3702002,MIN FLOW EAST LAKE CREEK,5300584,SHOSHONE POWER PLANT,219.0
5104038,GORE RESERVOIR NO 1,5300584,SHOSHONE POWER PLANT,219.0
3701290,WARREN E WURTS DITCH EXT,5300584,SHOSHONE POWER PLANT,219.0
5104039,HEBERTON RESERVOIR,5300584,SHOSHONE POWER PLANT,219.0
3701255,HOMESTAKE PROJ CONDUIT,5300584,SHOSHONE POWER PLANT,219.0
5104040,KLEINS FISH POND NO 1,5300584,SHOSHONE POWER PLANT,219.0
5003632,PARSONS RESERVOIR,5300584,SHOSHONE POWER PLANT,219.0
5104047,NEVER SUMMER LAKE,5300584,SHOSHONE POWER PLANT,219.0
3703879,UBRUCR RES 1,5300584,SHOSHONE POWER PLANT,219.0
5104041,KLEINS FISH POND NO 2,5300584,SHOSHONE POWER PLANT,219.0
3703843,HOLLAND RESERVOIR,5300584,SHOSHONE POWER PLANT,219.0
5104042,KLEINS FISH POND NO 3,5300584,SHOSHONE POWER PLANT,219.0
3700835,TOWNSEND DITCH,5300584,SHOSHONE POWER PLANT,219.0
5003629,MCMAHON RESERVOIR NO 2,5300584,SHOSHONE POWER PLANT,219.0
5104043,KLEINS FISH POND NO 4,5300584,SHOSHONE POWER PLANT,219.0
3700708,METCALF DITCH,5300584,SHOSHONE POWER PLANT,219.0
3703880,UBRUCR RES 2,5300584,SHOSHONE POWER PLANT,219.0
3604684,BLUE RIVER DIVERSION PROJECT,5300584,SHOSHONE POWER PLANT,219.0
5003623,LAKE AGNES,5300584,SHOSHONE POWER PLANT,219.0
3603665,EAGLES NEST GOLF COURSE NO4 NORTH POND,5300584,SHOSHONE POWER PLANT,219.0
5203972,PINEY PEAK POND NO 2,5300584,SHOSHONE POWER PLANT,219.0
3603664,EAGLES NEST GOLF COURSE NO 4 SOUTH POND,5300584,SHOSHONE POWER PLANT,219.0
5203962,OLSEN RESERVOIR NO 3,5300584,SHOSHONE POWER PLANT,219.0
3603662,EAGLES NEST GOLF COURSE NO1 POND,5300584,SHOSHONE POWER PLANT,219.0
5203963,OLSEN RESERVOIR NO 4,5300584,SHOSHONE POWER PLANT,219.0
3603638,UPPER SLATE LAKE,5300584,SHOSHONE POWER PLANT,219.0
5203964,OLSEN RESERVOIR NO 5,5300584,SHOSHONE POWER PLANT,219.0
3603636,EAGLES NEST RESERVOIR,5300584,SHOSHONE POWER PLANT,219.0
5203967,GORE CANYON RANCH LAKE 1,5300584,SHOSHONE POWER PLANT,219.0
3603635,WYLER RESERVOIR,5300584,SHOSHONE POWER PLANT,219.0
5203971,PINEY PEAK POND NO 1,5300584,SHOSHONE POWER PLANT,219.0
3603625,LAKE ALVIN,5300584,SHOSHONE POWER PLANT,219.0
5203960,OLSEN RESERVOIR NO 1.5,5300584,SHOSHONE POWER PLANT,219.0
5203973,PINEY PEAK POND NO 3,5300584,SHOSHONE POWER PLANT,219.0
3601085,COPPER MTN WEST LAKE PIPELINE 1,5300584,SHOSHONE POWER PLANT,219.0
5203974,PINEY PEAK POND NO 4,5300584,SHOSHONE POWER PLANT,219.0
3603617,SWEETWATER POND NO 9,5300584,SHOSHONE POWER PLANT,219.0
5203975,PINEY PEAK POND NO 5,5300584,SHOSHONE POWER PLANT,219.0
3603616,SWEETWATER POND NO 8,5300584,SHOSHONE POWER PLANT,219.0
5203990,COX RESERVOIR,5300584,SHOSHONE POWER PLANT,219.0
3603615,SWEETWATER POND NO 7,5300584,SHOSHONE POWER PLANT,219.0
5203994,EDWARDS RESERVOIR,5300584,SHOSHONE POWER PLANT,219.0
3603614,SWEETWATER POND NO 6,5300584,SHOSHONE POWER PLANT,219.0
5203961,OLSEN RESERVOIR NO 2,5300584,SHOSHONE POWER PLANT,219.0
5102039,MIN FLOW WILLIAMS FORK RIVER,5300584,SHOSHONE POWER PLANT,219.0
3603669,EAGLES NEST GOLF COURSE NO12 POND,5300584,SHOSHONE POWER PLANT,219.0
3603668,EAGLES NEST GOLF COURSE NO 9 NORTH POND,5300584,SHOSHONE POWER PLANT,219.0
3603692,OFF GUL RP RESERVOIR,5300584,SHOSHONE POWER PLANT,219.0
3601058,VIDLER TUNNEL UNIT HDGT D,5300584,SHOSHONE POWER PLANT,219.0
3603670,EAGLES NEST GOLF COURSE NO16 EAST POND,5300584,SHOSHONE POWER PLANT,219.0
5304013,GEORGE A GATES RES NO 1,5300584,SHOSHONE POWER PLANT,219.0
3603694,ARAPAHOE BASIN SNOWMAKING RESERVOIR,5300584,SHOSHONE POWER PLANT,219.0
5203937,CHRISTENSEN DAM,5300584,SHOSHONE POWER PLANT,219.0
3703969,CORDILLERA RES NO. 1,5300584,SHOSHONE POWER PLANT,219.0
5203949,ROCK GAP DAM,5300584,SHOSHONE POWER PLANT,219.0
3603667,EAGLES NEST GOLF COURSE NO 9 SOUTH POND,5300584,SHOSHONE POWER PLANT,219.0
5203959,OLSEN RESERVOIR NO 1,5300584,SHOSHONE POWER PLANT,219.0
3604512,DILLON RESERVOIR,5300584,SHOSHONE POWER PLANT,219.0
3703889,FEZ RESERVOIR,5300584,SHOSHONE POWER PLANT,219.0
3604683,CON-HOOSIER SYS BLUE RIVER DITCH,5300584,SHOSHONE POWER PLANT,219.0
3603666,EAGLES NEST GOLF COURSE NO 7 POND,5300584,SHOSHONE POWER PLANT,219.0
5203939,HURT RESERVOIR,5300584,SHOSHONE POWER PLANT,219.0
5000574,HARDSCRABBLE DITCH,5300584,SHOSHONE POWER PLANT,218.0
5003612,DIETRICH RESERVOIR,5300584,SHOSHONE POWER PLANT,218.0
5003642,WHITELY PEAK RESERVOIR,5300584,SHOSHONE POWER PLANT,218.0
5003627,MCELROY RESERVOIR,5300584,SHOSHONE POWER PLANT,218.0
3703858,METCALF RESERVOIR,5300584,SHOSHONE POWER PLANT,218.0
5000612,MCELROY NO 1 DITCH,5300584,SHOSHONE POWER PLANT,218.0
5000613,MCELROY NO 2 DITCH,5300584,SHOSHONE POWER PLANT,218.0
3704648,WARREN E WURTS DITCH,5300584,SHOSHONE POWER PLANT,218.0
5000601,MARTIN NO 1 DITCH (NORTH FORK HGT),5300584,SHOSHONE POWER PLANT,218.0
5003637,RUDOLPH RESERVOIR,5300584,SHOSHONE POWER PLANT,218.0
5000627,PASS CREEK DITCH,5300584,SHOSHONE POWER PLANT,218.0
5003643,WOODS RESERVOIR,5300584,SHOSHONE POWER PLANT,218.0
3600645,GUTHRIE THOMAS DITCH,5300584,SHOSHONE POWER PLANT,218.0
3703842,HELLSHOLE RESERVOIR,5300584,SHOSHONE POWER PLANT,218.0
3600687,KIRKWOOD DITCH,5300584,SHOSHONE POWER PLANT,218.0
3700642,HOLLINGSWORTH DITCH,5300584,SHOSHONE POWER PLANT,218.0
3700560,CREAMERY DITCH,5300584,SHOSHONE POWER PLANT,218.0
5104655,MOFFAT WATER TUNNEL,5300584,SHOSHONE POWER PLANT,218.0
3600660,HIGH MILLER DITCH,5300584,SHOSHONE POWER PLANT,218.0
3604685,BOREAS NO 2 DITCH,5300584,SHOSHONE POWER PLANT,218.0
5203936,CASTLE RESERVOIR,5300584,SHOSHONE POWER PLANT,218.0
5203946,OXFORD RESERVOIR,5300584,SHOSHONE POWER PLANT,218.0
5203948,PRICE RESERVOIR,5300584,SHOSHONE POWER PLANT,218.0
5300584,SHOSHONE POWER PLANT,5300584,SHOSHONE POWER PLANT,218.0
3600734,MCKAY DITCH,5300584,SHOSHONE POWER PLANT,218.0
3600830,SUPPLY CANAL NO 1 CLINTON,5300584,SHOSHONE POWER PLANT,218.0
3600796,SAUMS DITCH,5300584,SHOSHONE POWER PLANT,218.0
3603565,REYNOLDS RESERVOIR,5300584,SHOSHONE POWER PLANT,218.0
3600803,SMITH NO 2 DITCH,5300584,SHOSHONE POWER PLANT,218.0
3603538,CATARACT LAKE,5300584,SHOSHONE POWER PLANT,218.0
3603534,BOBO STRAIT RESERVOIR,5300584,SHOSHONE POWER PLANT,218.0
3603533,BLACK LAKE RESERVOIR,5300584,SHOSHONE POWER PLANT,218.0
5303991,REID NO 1 RESERVOIR,5300584,SHOSHONE POWER PLANT,218.0
3601052,FREMONT NO 1 DITCH - NORTH FORK,5300584,SHOSHONE POWER PLANT,218.0
3601051,FREMONT NO 1 DITCH - MIDDLE FORK,5300584,SHOSHONE POWER PLANT,218.0
3700658,HOWARD DITCH,5300584,SHOSHONE POWER PLANT,218.0
3700682,L E D E DITCH,5300584,SHOSHONE POWER PLANT,218.0
3700694,MATHEWS DITCH,5300584,SHOSHONE POWER PLANT,218.0
5101310,FRASER RIVER DIVERSION PROJECT - VASQUEZ CREEK,5300584,SHOSHONE POWER PLANT,218.0
3703814,BLACK LAKE 1,5300584,SHOSHONE POWER PLANT,218.0
5100639,FRASER RIVER DIVERSION PROJECT - FRASER RIVER,5300584,SHOSHONE POWER PLANT,218.0
5100678,CBT GRANBY PUMP CANAL,5300584,SHOSHONE POWER PLANT,218.0
5100728,HAMILTON-CABIN CREEK DITCH,5300584,SHOSHONE POWER PLANT,218.0
5100907,WILLIAMS FORK DIVERSION PROJECT,5300584,SHOSHONE POWER PLANT,218.0
5100958,CBT WILLOW CREEK FEEDER,5300584,SHOSHONE POWER PLANT,218.0
5100959,WILLIAMS FORK DIVERSION PROJECT,5300584,SHOSHONE POWER PLANT,218.0
5101250,HAMILTON-CABIN CREEK EXTENSION,5300584,SHOSHONE POWER PLANT,218.0
5101270,FRASER RIVER DIVERSION PROJECT- WEST ST LOUIS,5300584,SHOSHONE POWER PLANT,218.0
5101313,FRASER RIVER DIVERSION PROJECT - FAUN CREEK,5300584,SHOSHONE POWER PLANT,218.0
3700711,MILES DITCH,5300584,SHOSHONE POWER PLANT,218.0
5103683,MARIETTA RESERVOIR,5300584,SHOSHONE POWER PLANT,218.0
5103684,MARTE-LINKE RESERVOIR,5300584,SHOSHONE POWER PLANT,218.0
5103695,CBT SHADOW MOUNTAIN LAKE,5300584,SHOSHONE POWER PLANT,218.0
5103714,CURTIS PARK RESERVOIR,5300584,SHOSHONE POWER PLANT,218.0
3703520,L E D E RESERVOIR,5300584,SHOSHONE POWER PLANT,218.0
3701066,COLUMBINE DITCH HDG 2,5300584,SHOSHONE POWER PLANT,218.0
3700857,WILKINSON DITCH,5300584,SHOSHONE POWER PLANT,218.0
3600912,TIGER RUN - BLUE RIVER DIVERSION,5300584,SHOSHONE POWER PLANT,218.0
3803722,CONSOLIDATED RESERVOIR,7200646,GRAND VALLEY PROJECT,188.0
4503609,ISLAND RANCH LAKE NO 1,7200646,GRAND VALLEY PROJECT,188.0
3801078,WALKER WONDER DITCH,7200646,GRAND VALLEY PROJECT,188.0
3803713,RUEDI RESERVOIR,7200646,GRAND VALLEY PROJECT,188.0
3803711,ALICIA LAKE RESERVOIR,7200646,GRAND VALLEY PROJECT,188.0
3802113,MIN FLOW HUNTER CR LOWTT,7200646,GRAND VALLEY PROJECT,188.0
3802000,MIN FLOW HUNTER CR LOWER,7200646,GRAND VALLEY PROJECT,188.0
3801766,IND P TM DVR N YORK HGT3,7200646,GRAND VALLEY PROJECT,188.0
3803761,MIN LAKE GALENA LAKE,7200646,GRAND VALLEY PROJECT,188.0
3801073,WACO DITCH,7200646,GRAND VALLEY PROJECT,188.0
3803751,VON SPRINGS RESERVOIR 1,7200646,GRAND VALLEY PROJECT,188.0
3804067,ELK MOUNTAIN RES LOWER,7200646,GRAND VALLEY PROJECT,188.0
4503603,BARTON PORTER RESERVOIR,7200646,GRAND VALLEY PROJECT,188.0
3803776,TAGERT POND,7200646,GRAND VALLEY PROJECT,188.0
3900548,DEWEESE DITCH,7200646,GRAND VALLEY PROJECT,188.0
3804625,FRY ARK PR BOUSTEAD TUNNEL,7200646,GRAND VALLEY PROJECT,188.0
3804198,DUMP POOL NO 1,7200646,GRAND VALLEY PROJECT,188.0
3803950,TRENTAZ CORRAL SP STO TK,7200646,GRAND VALLEY PROJECT,188.0
3803968,FOX POND NO 1,7200646,GRAND VALLEY PROJECT,188.0
3803969,FOX POND NO 2,7200646,GRAND VALLEY PROJECT,188.0
4503686,ISLAND RANCH LAKE NO 3,7200646,GRAND VALLEY PROJECT,188.0
3804009,QUEENS POND,7200646,GRAND VALLEY PROJECT,188.0
3804019,FRANK POND 1,7200646,GRAND VALLEY PROJECT,188.0
4503685,ISLAND RANCH LAKE NO 2,7200646,GRAND VALLEY PROJECT,188.0
4500969,BLUESTONE VALLEY DITCH,7200646,GRAND VALLEY PROJECT,188.0
5303966,GRIMES BROOKS RESERVOIR,7200646,GRAND VALLEY PROJECT,126.0
5003647,CONFLUENCE RESERVOIR,7200646,GRAND VALLEY PROJECT,126.0
5104700,WINDY GAP PUMP PL CANAL,7200646,GRAND VALLEY PROJECT,126.0
4503688,TOLINI POND NO 5,7200646,GRAND VALLEY PROJECT,94.0
3804227,POND NO 9 B,7200646,GRAND VALLEY PROJECT,94.0
3804617,IND P TM DVR TUNNEL NO 1,7200646,GRAND VALLEY PROJECT,94.0
3804448,FOUR MILE RANCH POND NO 6,7200646,GRAND VALLEY PROJECT,94.0
3804447,FOUR MILE RANCH POND NO 5,7200646,GRAND VALLEY PROJECT,94.0
3804446,FOUR MILE RANCH POND NO 4,7200646,GRAND VALLEY PROJECT,94.0
3804445,FOUR MILE RANCH POND NO 3,7200646,GRAND VALLEY PROJECT,94.0
3804444,FOUR MILE RANCH POND NO 2,7200646,GRAND VALLEY PROJECT,94.0
3804443,FOUR MILE RANCH POND NO 1,7200646,GRAND VALLEY PROJECT,94.0
3804228,POND NO 9 C,7200646,GRAND VALLEY PROJECT,94.0
3804226,POND NO 9 A,7200646,GRAND VALLEY PROJECT,94.0
3804680,THOMPSON CR FEEDER DITCH,7200646,GRAND VALLEY PROJECT,94.0
3804225,POND NO 7 B,7200646,GRAND VALLEY PROJECT,94.0
3804217,POND NO 9,7200646,GRAND VALLEY PROJECT,94.0
3804215,POND NO 7,7200646,GRAND VALLEY PROJECT,94.0
3804214,POND NO 1,7200646,GRAND VALLEY PROJECT,94.0
3804199,DUMP POOL NO 2,7200646,GRAND VALLEY PROJECT,94.0
3804185,DIEMER RESERVOIR,7200646,GRAND VALLEY PROJECT,94.0
3804184,CHAPMAN RESERVOIR,7200646,GRAND VALLEY PROJECT,94.0
3804134,MCCABE POND NO 21,7200646,GRAND VALLEY PROJECT,94.0
5303533,GOLDEN W S P RESERVOIR,7200646,GRAND VALLEY PROJECT,94.0
3804132,MCCABE POND NO 19,7200646,GRAND VALLEY PROJECT,94.0
7200646,GRAND VALLEY PROJECT,7200646,GRAND VALLEY PROJECT,94.0
4503727,FRONT NINE POND,7200646,GRAND VALLEY PROJECT,94.0
3804130,MCCABE POND NO 17,7200646,GRAND VALLEY PROJECT,94.0
3903508,RIFLE GAP RESERVOIR,7200646,GRAND VALLEY PROJECT,94.0
3903545,COLONY SEDIMENT POND C,7200646,GRAND VALLEY PROJECT,94.0
3903544,COLONY SEDIMENT POND B,7200646,GRAND VALLEY PROJECT,94.0
3903543,COLONY SEDIMENT POND A,7200646,GRAND VALLEY PROJECT,94.0
3903542,GEORGE POND,7200646,GRAND VALLEY PROJECT,94.0
3903541,ANDERSON POND NO 2,7200646,GRAND VALLEY PROJECT,94.0
3903540,ANDERSON POND NO 1,7200646,GRAND VALLEY PROJECT,94.0
3903539,LINDSTROM FISH PONDS,7200646,GRAND VALLEY PROJECT,94.0
3903516,PIPER RESERVOIR NO 2,7200646,GRAND VALLEY PROJECT,94.0
3903515,PIPER RESERVOIR NO 1,7200646,GRAND VALLEY PROJECT,94.0
3903513,PEACH VALLEY ACRES RES,7200646,GRAND VALLEY PROJECT,94.0
3903505,GRASS VALLEY RESERVOIR,7200646,GRAND VALLEY PROJECT,94.0
3900563,GRASS VALLEY CANAL,7200646,GRAND VALLEY PROJECT,94.0
3903503,DAVIS GULCH RESERVOIR,7200646,GRAND VALLEY PROJECT,94.0
3903500,CLARK RESERVOIR,7200646,GRAND VALLEY PROJECT,94.0
3900728,PUMPING PL UNION OIL CAL,7200646,GRAND VALLEY PROJECT,94.0
3900709,DOW PUMP PLANT AND PL,7200646,GRAND VALLEY PROJECT,94.0
3900687,WARE AND HINDS DITCH,7200646,GRAND VALLEY PROJECT,94.0
3900672,THOMPKINS DITCH,7200646,GRAND VALLEY PROJECT,94.0
3900663,SILT PUMP CANAL,7200646,GRAND VALLEY PROJECT,94.0
3900649,EAST RIFLE CR PL NO 2,7200646,GRAND VALLEY PROJECT,94.0
3900635,PARACHUTE DITCH,7200646,GRAND VALLEY PROJECT,94.0
3900610,LOW COST DITCH,7200646,GRAND VALLEY PROJECT,94.0
3804131,MCCABE POND NO 18,7200646,GRAND VALLEY PROJECT,94.0
3804129,MCCABE POND NO 16,7200646,GRAND VALLEY PROJECT,94.0
3903572,FIVE MILE L AKE,7200646,GRAND VALLEY PROJECT,94.0
3804042,MEXICAN CUT NAT POND 09,7200646,GRAND VALLEY PROJECT,94.0
3804060,MITCHELL POND NO 1,7200646,GRAND VALLEY PROJECT,94.0
3804057,MAROLT RESERVOIR,7200646,GRAND VALLEY PROJECT,94.0
3804052,OH-BE-JOYFUL POND,7200646,GRAND VALLEY PROJECT,94.0
3804051,EASTWICK RESERVOIR,7200646,GRAND VALLEY PROJECT,94.0
3804050,POPCORN POND,7200646,GRAND VALLEY PROJECT,94.0
3804047,MEXICAN CUT NAT POND 14,7200646,GRAND VALLEY PROJECT,94.0
3804046,MEXICAN CUT NAT POND 13,7200646,GRAND VALLEY PROJECT,94.0
3804045,MEXICAN CUT NAT POND 12,7200646,GRAND VALLEY PROJECT,94.0
3804044,MEXICAN CUT NAT POND 11,7200646,GRAND VALLEY PROJECT,94.0
3804043,MEXICAN CUT NAT POND 10,7200646,GRAND VALLEY PROJECT,94.0
3804041,MEXICAN CUT NAT POND 08,7200646,GRAND VALLEY PROJECT,94.0
3804128,MCCABE POND NO 15,7200646,GRAND VALLEY PROJECT,94.0
3804040,MEXICAN CUT NAT POND 07,7200646,GRAND VALLEY PROJECT,94.0
3804039,MEXICAN CUT NAT POND 06,7200646,GRAND VALLEY PROJECT,94.0
3804038,MEXICAN CUT NAT POND 05,7200646,GRAND VALLEY PROJECT,94.0
3804037,MEXICAN CUT NAT POND 04,7200646,GRAND VALLEY PROJECT,94.0
3804036,MEXICAN CUT NAT POND 03,7200646,GRAND VALLEY PROJECT,94.0
3804028,HARVEY POND NO 07,7200646,GRAND VALLEY PROJECT,94.0
3804035,MEXICAN CUT NAT POND 02,7200646,GRAND VALLEY PROJECT,94.0
3804032,HARVEY POND NO 11,7200646,GRAND VALLEY PROJECT,94.0
3804031,HARVEY POND NO 10,7200646,GRAND VALLEY PROJECT,94.0
3804030,HARVEY POND NO 09,7200646,GRAND VALLEY PROJECT,94.0
3804066,ELK MOUNTAIN RES UPPER,7200646,GRAND VALLEY PROJECT,94.0
5303525,D DEFIANCE POND,7200646,GRAND VALLEY PROJECT,94.0
3804068,UPPER HENRY POND,7200646,GRAND VALLEY PROJECT,94.0
3804069,HENRY RESERVOIR,7200646,GRAND VALLEY PROJECT,94.0
3804127,MCCABE POND NO 14,7200646,GRAND VALLEY PROJECT,94.0
3804126,MCCABE POND NO 13,7200646,GRAND VALLEY PROJECT,94.0
3804125,MCCABE POND NO 12,7200646,GRAND VALLEY PROJECT,94.0
5303530,FT DEFIANCE RESERVOIR,7200646,GRAND VALLEY PROJECT,94.0
5303526,D HORSE PK POND,7200646,GRAND VALLEY PROJECT,94.0
3804124,MCCABE POND NO 11,7200646,GRAND VALLEY PROJECT,94.0
3804123,MCCABE POND NO 10,7200646,GRAND VALLEY PROJECT,94.0
3804122,MCCABE POND NO 9,7200646,GRAND VALLEY PROJECT,94.0
3804121,MCCABE POND NO 8,7200646,GRAND VALLEY PROJECT,94.0
3804120,MCCABE POND NO 7,7200646,GRAND VALLEY PROJECT,94.0
3804119,MCCABE POND NO 6,7200646,GRAND VALLEY PROJECT,94.0
3804118,MCCABE POND NO 5,7200646,GRAND VALLEY PROJECT,94.0
3804117,MCCABE POND NO 4,7200646,GRAND VALLEY PROJECT,94.0
3804116,MCCABE POND NO 3,7200646,GRAND VALLEY PROJECT,94.0
3804110,SUNNYSIDE GRAVEL PIT PND,7200646,GRAND VALLEY PROJECT,94.0
3804088,BROOKE POND,7200646,GRAND VALLEY PROJECT,94.0
3804087,CRYSTAL SPRING LAKE,7200646,GRAND VALLEY PROJECT,94.0
3804079,HECKERT POND,7200646,GRAND VALLEY PROJECT,94.0
3804076,BISHOP POND,7200646,GRAND VALLEY PROJECT,94.0
3804075,MIDDLE HENRY POND,7200646,GRAND VALLEY PROJECT,94.0
3804070,OYS POND,7200646,GRAND VALLEY PROJECT,94.0
3903571,CONNELLY RESERVOIR,7200646,GRAND VALLEY PROJECT,94.0
3903573,REMMIC POND,7200646,GRAND VALLEY PROJECT,94.0
4503689,TOLINI POND NO 1,7200646,GRAND VALLEY PROJECT,94.0
4503698,TOLINI POND NO 6,7200646,GRAND VALLEY PROJECT,94.0
4503633,RICHARDSON POND NO 04,7200646,GRAND VALLEY PROJECT,94.0
4503632,RICHARDSON POND NO 03,7200646,GRAND VALLEY PROJECT,94.0
4503631,RICHARDSON POND NO 02,7200646,GRAND VALLEY PROJECT,94.0
4503630,RICHARDSON POND NO 01,7200646,GRAND VALLEY PROJECT,94.0
4503627,SUSAN STOCK WATER PONDS,7200646,GRAND VALLEY PROJECT,94.0
4503626,RYAN STOCK WATERING POND,7200646,GRAND VALLEY PROJECT,94.0
4503625,RIKI STOCK WATERING POND,7200646,GRAND VALLEY PROJECT,94.0
4503623,MIKLISH RESERVOIR,7200646,GRAND VALLEY PROJECT,94.0
4503621,MEG STOCK WATERING POND,7200646,GRAND VALLEY PROJECT,94.0
4503620,MACKLEY RESERVOIR,7200646,GRAND VALLEY PROJECT,94.0
4503699,CONNOLLY RESERVOIR NO 1,7200646,GRAND VALLEY PROJECT,94.0
4503635,RICHARDSON POND NO 06,7200646,GRAND VALLEY PROJECT,94.0
4503619,LEE STOCK WATERING POND,7200646,GRAND VALLEY PROJECT,94.0
4503700,CONNOLLY RESERVOIR NO 2,7200646,GRAND VALLEY PROJECT,94.0
4503616,LARSEN POND NO 1,7200646,GRAND VALLEY PROJECT,94.0
4503615,LAKE SHARON,7200646,GRAND VALLEY PROJECT,94.0
4503614,KLC RESERVOIR NO 2,7200646,GRAND VALLEY PROJECT,94.0
4503613,KLC RESERVOIR NO 1,7200646,GRAND VALLEY PROJECT,94.0
4503612,KCC RESERVOIR NO 2,7200646,GRAND VALLEY PROJECT,94.0
4503611,KCC RESERVOIR NO 1,7200646,GRAND VALLEY PROJECT,94.0
4503610,JANE STOCK WATERING POND,7200646,GRAND VALLEY PROJECT,94.0
4503701,CONNOLLY RESERVOIR NO 3,7200646,GRAND VALLEY PROJECT,94.0
4503634,RICHARDSON POND NO 05,7200646,GRAND VALLEY PROJECT,94.0
4503695,ALSBURY RESERVOIR,7200646,GRAND VALLEY PROJECT,94.0
3903575,SPRING DW POND,7200646,GRAND VALLEY PROJECT,94.0
4503664,PARKER RESERVOIR NO 14,7200646,GRAND VALLEY PROJECT,94.0
4503690,TOLINI POND NO 2,7200646,GRAND VALLEY PROJECT,94.0
4503691,TOLINI POND NO 3,7200646,GRAND VALLEY PROJECT,94.0
4503677,RAGLE RESERVOIR NO 2,7200646,GRAND VALLEY PROJECT,94.0
4503676,RAGLE RESERVOIR NO 1,7200646,GRAND VALLEY PROJECT,94.0
4503674,PARKER RESERVOIR NO 08,7200646,GRAND VALLEY PROJECT,94.0
4503670,PARKER RESERVOIR NO 03,7200646,GRAND VALLEY PROJECT,94.0
4503668,PARKER RESERVOIR NO 02A,7200646,GRAND VALLEY PROJECT,94.0
4503692,TOLINI POND NO 4,7200646,GRAND VALLEY PROJECT,94.0
4503667,PARKER RESERVOIR NO 02,7200646,GRAND VALLEY PROJECT,94.0
4503665,PARKER RESERVOIR NO 16,7200646,GRAND VALLEY PROJECT,94.0
4503663,PARKER RESERVOIR NO 13,7200646,GRAND VALLEY PROJECT,94.0
4503638,RICHARDSON POND NO 09,7200646,GRAND VALLEY PROJECT,94.0
4503693,FREI RESERVOIR NO 1,7200646,GRAND VALLEY PROJECT,94.0
4503662,PARKER RESERVOIR NO 12,7200646,GRAND VALLEY PROJECT,94.0
4503655,MESA LAKE NO 3,7200646,GRAND VALLEY PROJECT,94.0
4503648,ALEXANDER PONDS,7200646,GRAND VALLEY PROJECT,94.0
4503646,STUDT GULCH RESERVOIR,7200646,GRAND VALLEY PROJECT,94.0
4503643,WELLER LAKE,7200646,GRAND VALLEY PROJECT,94.0
4503642,CENTENIAL LAKE,7200646,GRAND VALLEY PROJECT,94.0
4503641,PARK LAKE,7200646,GRAND VALLEY PROJECT,94.0
4503640,RICHARDSON POND NO 11,7200646,GRAND VALLEY PROJECT,94.0
4503639,RICHARDSON POND NO 10,7200646,GRAND VALLEY PROJECT,94.0
4503702,CONNOLLY RESERVOIR NO 4,7200646,GRAND VALLEY PROJECT,94.0
4503608,HALL POND,7200646,GRAND VALLEY PROJECT,94.0
4503607,ERIK STOCK WATERING POND,7200646,GRAND VALLEY PROJECT,94.0
7201080,FINLEY RANCH PMP PLANT,7200646,GRAND VALLEY PROJECT,94.0
3903994,RAYMOND POND,7200646,GRAND VALLEY PROJECT,94.0
3903992,ROBINSON POND NO 2,7200646,GRAND VALLEY PROJECT,94.0
3903991,ROBINSON POND NO 1,7200646,GRAND VALLEY PROJECT,94.0
3903954,THOMAS RESERVOIR,7200646,GRAND VALLEY PROJECT,94.0
3903953,STORM KING RESERVOIR NO 1,7200646,GRAND VALLEY PROJECT,94.0
3903950,SAMPLE RESERVOIR NO 2,7200646,GRAND VALLEY PROJECT,94.0
3903949,SAMPLE RESERVOIR NO 1,7200646,GRAND VALLEY PROJECT,94.0
3903943,PARACHUTE CREEK RES,7200646,GRAND VALLEY PROJECT,94.0
3903942,MOORES IRRIGATION POND,7200646,GRAND VALLEY PROJECT,94.0
3903941,MIDDLE FORK RESERVOIR,7200646,GRAND VALLEY PROJECT,94.0
3903940,MEADOW CREEK RESERVOIR,7200646,GRAND VALLEY PROJECT,94.0
4503606,DILLMAN DITCH FISH POND,7200646,GRAND VALLEY PROJECT,94.0
3903938,LISAS POND,7200646,GRAND VALLEY PROJECT,94.0
3903937,LEO RESERVOIR NO 2,7200646,GRAND VALLEY PROJECT,94.0
3903936,LEO RESERVOIR NO 1,7200646,GRAND VALLEY PROJECT,94.0
3903935,KATT POND NO 1,7200646,GRAND VALLEY PROJECT,94.0
3903931,EMMER RESERVOIR NO 1,7200646,GRAND VALLEY PROJECT,94.0
3903928,CLOUGH STOCK WATER RES,7200646,GRAND VALLEY PROJECT,94.0
3903927,CITY OF RIFLE POND NO 1,7200646,GRAND VALLEY PROJECT,94.0
3903923,CHERRY CREEK POND NO 2,7200646,GRAND VALLEY PROJECT,94.0
3903922,CHERRY CREEK POND NO 1,7200646,GRAND VALLEY PROJECT,94.0
3903921,BRUNGS PONDS,7200646,GRAND VALLEY PROJECT,94.0
3903996,LEECH POND NO 1,7200646,GRAND VALLEY PROJECT,94.0
3903997,LEECH POND NO 2,7200646,GRAND VALLEY PROJECT,94.0
3903998,HILMES POND,7200646,GRAND VALLEY PROJECT,94.0
3904001,CHAMBERS POND NO 3,7200646,GRAND VALLEY PROJECT,94.0
4503703,FRANK RESERVOIR,7200646,GRAND VALLEY PROJECT,94.0
4503605,FRANKS POND AND OUTLET D,7200646,GRAND VALLEY PROJECT,94.0
4503604,ADAM STOCK WATERING POND,7200646,GRAND VALLEY PROJECT,94.0
4503725,BMI RAW WATER LAKE,7200646,GRAND VALLEY PROJECT,94.0
4503602,PARKER RESERVOIR NO 18,7200646,GRAND VALLEY PROJECT,94.0
4503601,PARKER RESERVOIR NO 17,7200646,GRAND VALLEY PROJECT,94.0
4503600,PARKER RESERVOIR NO 15,7200646,GRAND VALLEY PROJECT,94.0
4503599,PARKER RESERVOIR NO 11,7200646,GRAND VALLEY PROJECT,94.0
4503598,PARKER RESERVOIR NO 10,7200646,GRAND VALLEY PROJECT,94.0
4503597,PARKER RESERVOIR NO 09,7200646,GRAND VALLEY PROJECT,94.0
4503596,PARKER RESERVOIR NO 07,7200646,GRAND VALLEY PROJECT,94.0
4503595,PARKER RESERVOIR NO 06,7200646,GRAND VALLEY PROJECT,94.0
4503591,DOUBLE R RES LOWER,7200646,GRAND VALLEY PROJECT,94.0
4503590,DOUBLE R RES MIDDLE,7200646,GRAND VALLEY PROJECT,94.0
4503726,BACK NINE POND,7200646,GRAND VALLEY PROJECT,94.0
4500861,LARKIN DITCH,7200646,GRAND VALLEY PROJECT,94.0
4500845,GOLDMAN DITCH PUMP & PL,7200646,GRAND VALLEY PROJECT,94.0
4500793,TAUGHENBAUGH DITCH,7200646,GRAND VALLEY PROJECT,94.0
4500749,RODERICK DITCH,7200646,GRAND VALLEY PROJECT,94.0
4500699,MOSQUITO DITCH,7200646,GRAND VALLEY PROJECT,94.0
4500635,HUDSON & SULLIVAN DITCH,7200646,GRAND VALLEY PROJECT,94.0
3804029,HARVEY POND NO 08,7200646,GRAND VALLEY PROJECT,94.0
3804006,WATKINS POND NO 1,7200646,GRAND VALLEY PROJECT,94.0
3804027,HARVEY POND NO 06,7200646,GRAND VALLEY PROJECT,94.0
3803733,JAMES RESERVOIR,7200646,GRAND VALLEY PROJECT,94.0
3803765,MIN LAKE MEX CUT NAT P06,7200646,GRAND VALLEY PROJECT,94.0
3803764,MIN LAKE MEX CUT NAT P05,7200646,GRAND VALLEY PROJECT,94.0
3803763,MIN LAKE MEX CUT NAT P04,7200646,GRAND VALLEY PROJECT,94.0
3803762,MIN LAKE MEX CUT NAT P03,7200646,GRAND VALLEY PROJECT,94.0
3803760,WOODS LAKE RESERVOIR,7200646,GRAND VALLEY PROJECT,94.0
3803759,WILDCAT RESERVOIR,7200646,GRAND VALLEY PROJECT,94.0
3803752,VON SPRINGS RESERVOIR 2,7200646,GRAND VALLEY PROJECT,94.0
3803746,TAGERT LAKE,7200646,GRAND VALLEY PROJECT,94.0
3803745,ST JOHN RESERVOIR,7200646,GRAND VALLEY PROJECT,94.0
3803743,SMITH RESERVOIR,7200646,GRAND VALLEY PROJECT,94.0
3803740,RALSTON RESERVOIR NO 1,7200646,GRAND VALLEY PROJECT,94.0
3803731,HUTCHINS BROTHERS RES 2,7200646,GRAND VALLEY PROJECT,94.0
3803767,MIN LAKE MEX CUT NAT P08,7200646,GRAND VALLEY PROJECT,94.0
3803730,HUTCHINS BROTHERS RES 1,7200646,GRAND VALLEY PROJECT,94.0
3803729,HUGHES RESERVOIR,7200646,GRAND VALLEY PROJECT,94.0
3803721,CROOKED CREEK RESERVOIR,7200646,GRAND VALLEY PROJECT,94.0
3803685,ASPEN VILLAGE STO RES,7200646,GRAND VALLEY PROJECT,94.0
3803586,HIGNETT POND 3,7200646,GRAND VALLEY PROJECT,94.0
3803566,POND NO 8 A,7200646,GRAND VALLEY PROJECT,94.0
3803565,POND NO 7 A,7200646,GRAND VALLEY PROJECT,94.0
3803562,POND NO 5,7200646,GRAND VALLEY PROJECT,94.0
3803561,POND NO 4,7200646,GRAND VALLEY PROJECT,94.0
3803560,POND NO 3,7200646,GRAND VALLEY PROJECT,94.0
3803559,POND NO 2,7200646,GRAND VALLEY PROJECT,94.0
3803766,MIN LAKE MEX CUT NAT P07,7200646,GRAND VALLEY PROJECT,94.0
3803768,MIN LAKE MEX CUT NAT P09,7200646,GRAND VALLEY PROJECT,94.0
3803814,CORYELL POND NO 1,7200646,GRAND VALLEY PROJECT,94.0
3803789,C AND M POND,7200646,GRAND VALLEY PROJECT,94.0
3803803,FULLER POND,7200646,GRAND VALLEY PROJECT,94.0
3803802,SNYDER POND,7200646,GRAND VALLEY PROJECT,94.0
3803801,HIGNETT POND,7200646,GRAND VALLEY PROJECT,94.0
3803799,WILSON RESERVOIR NO 2,7200646,GRAND VALLEY PROJECT,94.0
3803798,WILSON RESERVOIR NO 1,7200646,GRAND VALLEY PROJECT,94.0
3803797,HELL ROARING RESERVOIR NO. 1,7200646,GRAND VALLEY PROJECT,94.0
3803796,AMV RESERVOIR NO 3,7200646,GRAND VALLEY PROJECT,94.0
3803795,AMV RESERVOIR NO 2,7200646,GRAND VALLEY PROJECT,94.0
3803794,AMV RESERVOIR NO 1,7200646,GRAND VALLEY PROJECT,94.0
3803793,BRADTKE POND,7200646,GRAND VALLEY PROJECT,94.0
3803790,CARROLL POND,7200646,GRAND VALLEY PROJECT,94.0
3803786,POLARIS RESERVOIR,7200646,GRAND VALLEY PROJECT,94.0
3803769,MIN LAKE MEX CUT NAT P10,7200646,GRAND VALLEY PROJECT,94.0
3803785,RANCHO VISTA POND,7200646,GRAND VALLEY PROJECT,94.0
3803781,MIN LAKE THOMAS LAKE NO3,7200646,GRAND VALLEY PROJECT,94.0
3803780,LOST MAN RESERVOIR,7200646,GRAND VALLEY PROJECT,94.0
3803779,GRIZZLY RESERVOIR,7200646,GRAND VALLEY PROJECT,94.0
3803778,CRAWFORD DAM NO 3,7200646,GRAND VALLEY PROJECT,94.0
3803775,GIGI POND,7200646,GRAND VALLEY PROJECT,94.0
3803774,CRAWFORD DAM NO 1,7200646,GRAND VALLEY PROJECT,94.0
3803773,CRAWFORD DAM NO 2,7200646,GRAND VALLEY PROJECT,94.0
3803772,MIN LAKE MEX CUT NAT P17,7200646,GRAND VALLEY PROJECT,94.0
3803771,MIN LAKE MEX CUT NAT P16,7200646,GRAND VALLEY PROJECT,94.0
3803770,MIN LAKE MEX CUT NAT P11,7200646,GRAND VALLEY PROJECT,94.0
3803554,CACHE POND,7200646,GRAND VALLEY PROJECT,94.0
3802116,MIN FLOW AVALANCHE CREEK,7200646,GRAND VALLEY PROJECT,94.0
3802115,MIN FLOW CRYSTAL R L MID,7200646,GRAND VALLEY PROJECT,94.0
3800755,HOLDEN DITCH,7200646,GRAND VALLEY PROJECT,94.0
3800924,PARADISE DITCH,7200646,GRAND VALLEY PROJECT,94.0
3800920,OXFORD NO 1 DITCH,7200646,GRAND VALLEY PROJECT,94.0
3800890,MCKENZIE WILDCAT DITCH,7200646,GRAND VALLEY PROJECT,94.0
3800880,MOUNT SOPRIS DITCH,7200646,GRAND VALLEY PROJECT,94.0
3800854,MAROON DITCH,7200646,GRAND VALLEY PROJECT,94.0
3800840,LOWLINE DITCH,7200646,GRAND VALLEY PROJECT,94.0
3800838,LOWER DITCH,7200646,GRAND VALLEY PROJECT,94.0
3800809,BASALT PROJ LANDIS CANAL,7200646,GRAND VALLEY PROJECT,94.0
3800789,JOHNSON BLUE CR DITCH,7200646,GRAND VALLEY PROJECT,94.0
3800768,HUNTER CREEK FLUME & PL,7200646,GRAND VALLEY PROJECT,94.0
3800757,HOME SUPPLY DITCH,7200646,GRAND VALLEY PROJECT,94.0
3800749,HERRICK DITCH,7200646,GRAND VALLEY PROJECT,94.0
3802114,MIN FLOW CRYSTAL R LOWER,7200646,GRAND VALLEY PROJECT,94.0
3800740,HARRIS & REED DITCH,7200646,GRAND VALLEY PROJECT,94.0
3800715,GRACE AND SHEHI DITCH,7200646,GRAND VALLEY PROJECT,94.0
3800712,GLENWOOD DITCH,7200646,GRAND VALLEY PROJECT,94.0
3800653,EAST SNOWMASS BRUSH CR D,7200646,GRAND VALLEY PROJECT,94.0
3800606,COLLINS CREEK DITCH,7200646,GRAND VALLEY PROJECT,94.0
3800574,CARBONDALE DITCH,7200646,GRAND VALLEY PROJECT,94.0
3800570,COLO ST G F PROP COL SYS,7200646,GRAND VALLEY PROJECT,94.0
3800547,BOWLES AND HOLLAND DITCH,7200646,GRAND VALLEY PROJECT,94.0
3800528,BASIN DITCH,7200646,GRAND VALLEY PROJECT,94.0
3800517,ATKINSON CANAL,7200646,GRAND VALLEY PROJECT,94.0
3804026,HARVEY POND NO 05,7200646,GRAND VALLEY PROJECT,94.0
3800930,PATERSON D JACOB EXT,7200646,GRAND VALLEY PROJECT,94.0
3800968,ROBINSON DITCH,7200646,GRAND VALLEY PROJECT,94.0
3800970,ROCKFORD DITCH,7200646,GRAND VALLEY PROJECT,94.0
3800996,SLOUGH D AND BANNING LAT,7200646,GRAND VALLEY PROJECT,94.0
3802112,MIN FLOW ROARING FORK 5,7200646,GRAND VALLEY PROJECT,94.0
3802111,MIN FLOW ROARING FORK 4,7200646,GRAND VALLEY PROJECT,94.0
3802077,MIN FLOW FRYINGPAN R LOW,7200646,GRAND VALLEY PROJECT,94.0
3802044,MIN FLOW FRYINGPAN R UP,7200646,GRAND VALLEY PROJECT,94.0
3802029,MIN FLOW HUNTER CR MID,7200646,GRAND VALLEY PROJECT,94.0
3802020,MIN FLOW FRYINGPAN R MID,7200646,GRAND VALLEY PROJECT,94.0
3802011,MIN FLOW N FK CRYSTAL R,7200646,GRAND VALLEY PROJECT,94.0
3802010,MIN FLOW S FK CRYSTAL R,7200646,GRAND VALLEY PROJECT,94.0
3802007,MIN FLOW CRYSTAL R UPPER,7200646,GRAND VALLEY PROJECT,94.0
3802006,MIN FLOW CRYSTAL R U MID,7200646,GRAND VALLEY PROJECT,94.0
3801775,WOODS LAKE RES DIR FLOW,7200646,GRAND VALLEY PROJECT,94.0
3801773,ALICIA LAKE RES DIR FLOW,7200646,GRAND VALLEY PROJECT,94.0
3801768,IND P TM DVR LINCOLN CR,7200646,GRAND VALLEY PROJECT,94.0
3801767,IND P TM DVR LOST MAN,7200646,GRAND VALLEY PROJECT,94.0
3801763,IND P TM DVR TUNNEL NO 2,7200646,GRAND VALLEY PROJECT,94.0
3801661,SALVATION DITCH VAGN EXT,7200646,GRAND VALLEY PROJECT,94.0
3801360,RUEDI RESERVOIR PWR PL,7200646,GRAND VALLEY PROJECT,94.0
3801147,KAISER AND SIEVERS DITCH,7200646,GRAND VALLEY PROJECT,94.0
3801146,JOUFLAS DITCH HGT 1,7200646,GRAND VALLEY PROJECT,94.0
3801062,UNION DITCH,7200646,GRAND VALLEY PROJECT,94.0
3801038,SWEET JESSUP CANAL,7200646,GRAND VALLEY PROJECT,94.0
3801028,STEIN ARLIAN MAROLT D,7200646,GRAND VALLEY PROJECT,94.0
3801012,SNOWMASS DIVIDE DITCH,7200646,GRAND VALLEY PROJECT,94.0
3803807,ASPEN GERBAZ WTR SYS RES,7200646,GRAND VALLEY PROJECT,94.0
7203979,ETTER LAKE,7200646,GRAND VALLEY PROJECT,94.0
3803820,EAGLEMONT STORAGE POND,7200646,GRAND VALLEY PROJECT,94.0
3803972,HENDRICKS FISH POND,7200646,GRAND VALLEY PROJECT,94.0
3803983,TYBAR POND,7200646,GRAND VALLEY PROJECT,94.0
3803982,TEXOMA POND,7200646,GRAND VALLEY PROJECT,94.0
3803981,DALLAS POND,7200646,GRAND VALLEY PROJECT,94.0
3803980,WORTH POND,7200646,GRAND VALLEY PROJECT,94.0
3803979,HAWKRIDGE POND,7200646,GRAND VALLEY PROJECT,94.0
3803978,CHRISTINE LAKE,7200646,GRAND VALLEY PROJECT,94.0
3803977,ASPEN SKI CORP ST TANK 2,7200646,GRAND VALLEY PROJECT,94.0
3803976,MCS POND NO 3,7200646,GRAND VALLEY PROJECT,94.0
3803975,MCS POND NO 2,7200646,GRAND VALLEY PROJECT,94.0
3803974,DEANE POND NO 2,7200646,GRAND VALLEY PROJECT,94.0
3803973,DEANE POND NO 1,7200646,GRAND VALLEY PROJECT,94.0
3803971,CLUB POND,7200646,GRAND VALLEY PROJECT,94.0
3803943,SHEEHAN POND,7200646,GRAND VALLEY PROJECT,94.0
3803970,BUCK POINT RANCH RES 1,7200646,GRAND VALLEY PROJECT,94.0
3803960,ILLEMAN POND NO 1,7200646,GRAND VALLEY PROJECT,94.0
3803959,BUCK POINT RANCH RES 2,7200646,GRAND VALLEY PROJECT,94.0
3803956,REH DITCH AND RESERVOIR,7200646,GRAND VALLEY PROJECT,94.0
3803955,MCNULTY RESERVOIR NO 2,7200646,GRAND VALLEY PROJECT,94.0
3803954,CLARK RESERVOIR,7200646,GRAND VALLEY PROJECT,94.0
3803953,ASPEN GOLF COURSE PND 09,7200646,GRAND VALLEY PROJECT,94.0
3803951,WHITE HORSE SPGS STO TK,7200646,GRAND VALLEY PROJECT,94.0
3803948,THREE SONS POND NO 1,7200646,GRAND VALLEY PROJECT,94.0
3803947,SPRUCE TREE FISH POND 2,7200646,GRAND VALLEY PROJECT,94.0
3803946,SNOWMASS RESERVOIR,7200646,GRAND VALLEY PROJECT,94.0
3803984,BRADEN POND,7200646,GRAND VALLEY PROJECT,94.0
3803985,WENDI SMITH RESERVOIR,7200646,GRAND VALLEY PROJECT,94.0
3803986,LAZY O RESERVOIR,7200646,GRAND VALLEY PROJECT,94.0
3803988,STAINTON POND NO 2,7200646,GRAND VALLEY PROJECT,94.0
3804025,HARVEY POND NO 04,7200646,GRAND VALLEY PROJECT,94.0
3803821,ELAM POND NO 1 & NO 2,7200646,GRAND VALLEY PROJECT,94.0
3804024,HARVEY POND NO 03,7200646,GRAND VALLEY PROJECT,94.0
3804023,HARVEY POND NO 02,7200646,GRAND VALLEY PROJECT,94.0
3804020,FRANK POND 2,7200646,GRAND VALLEY PROJECT,94.0
3804018,ASPEN SKI CORP ST TANK 1,7200646,GRAND VALLEY PROJECT,94.0
3804017,DUROUX JAFFEE STO TANK,7200646,GRAND VALLEY PROJECT,94.0
3804016,MAGNIFICO PONDS,7200646,GRAND VALLEY PROJECT,94.0
3804015,SNOBBLE SP & FISH POND,7200646,GRAND VALLEY PROJECT,94.0
3804014,SLOSS SPRING & RESERVOIR,7200646,GRAND VALLEY PROJECT,94.0
3804013,ELK WALLOW POND,7200646,GRAND VALLEY PROJECT,94.0
3804012,DUCK POND OWL CR,7200646,GRAND VALLEY PROJECT,94.0
3804011,MAROLT POND,7200646,GRAND VALLEY PROJECT,94.0
3804010,NORTH POLE RESERVOIR,7200646,GRAND VALLEY PROJECT,94.0
3804008,WATKINS POND NO 3,7200646,GRAND VALLEY PROJECT,94.0
3804007,WATKINS POND NO 2,7200646,GRAND VALLEY PROJECT,94.0
3804000,BEAVER LAKE,7200646,GRAND VALLEY PROJECT,94.0
3803998,FIREFLY POND,7200646,GRAND VALLEY PROJECT,94.0
3803996,FOX POND,7200646,GRAND VALLEY PROJECT,94.0
3803993,KOPP POND,7200646,GRAND VALLEY PROJECT,94.0
3803992,WEXNER POND,7200646,GRAND VALLEY PROJECT,94.0
3803990,STAINTON POND NO 3,7200646,GRAND VALLEY PROJECT,94.0
3803989,STAINTON POND NO 1,7200646,GRAND VALLEY PROJECT,94.0
3803945,SHORT POND NO 2,7200646,GRAND VALLEY PROJECT,94.0
3803966,ADAMS RANCH POND,7200646,GRAND VALLEY PROJECT,94.0
3803942,SAMS KNOB STORAGE TANK,7200646,GRAND VALLEY PROJECT,94.0
3803852,ORLOSKY RESERVOIR,7200646,GRAND VALLEY PROJECT,94.0
3803881,SPRUCE TREE FISH POND 1,7200646,GRAND VALLEY PROJECT,94.0
3803879,MIN LAKE SIBERIA LAKE,7200646,GRAND VALLEY PROJECT,94.0
3803877,CRYSTAL R HOT SPG & POOL,7200646,GRAND VALLEY PROJECT,94.0
3803873,SIMONS PONDS NO 1 AND 2,7200646,GRAND VALLEY PROJECT,94.0
3803872,SHORT POND NO 1,7200646,GRAND VALLEY PROJECT,94.0
3803871,BABBISH GULCH RESERVOIR,7200646,GRAND VALLEY PROJECT,94.0
3803866,ROY FISH PONDS 1 AND 2,7200646,GRAND VALLEY PROJECT,94.0
3803865,ROARING FORK RESERVOIR,7200646,GRAND VALLEY PROJECT,94.0
3803863,RAINBOW POND,7200646,GRAND VALLEY PROJECT,94.0
3803941,ST BENEDICTS MONAST TANK,7200646,GRAND VALLEY PROJECT,94.0
3803853,ORLOSKY RESERVOIR NO 2,7200646,GRAND VALLEY PROJECT,94.0
3803849,MEXICAN CUT NAT POND 01,7200646,GRAND VALLEY PROJECT,94.0
3803898,WHITMER D & PD PR STO RT,7200646,GRAND VALLEY PROJECT,94.0
3803848,METCALF POND,7200646,GRAND VALLEY PROJECT,94.0
3803846,MCS POND NO 1,7200646,GRAND VALLEY PROJECT,94.0
3803844,MARTIN RESERVOIR,7200646,GRAND VALLEY PROJECT,94.0
3803837,LOUSHIN RESERVOIR NO 2,7200646,GRAND VALLEY PROJECT,94.0
3803835,LAKE DEBORAH,7200646,GRAND VALLEY PROJECT,94.0
3803832,JACOBSON LAKES & PONDS,7200646,GRAND VALLEY PROJECT,94.0
3803830,HUNTER CREEK RESERVOIR,7200646,GRAND VALLEY PROJECT,94.0
3803829,HIGHLAND POND NO 1,7200646,GRAND VALLEY PROJECT,94.0
3803827,HAWK GULCH RESERVOIR,7200646,GRAND VALLEY PROJECT,94.0
3803826,HARVEY POND NO 01,7200646,GRAND VALLEY PROJECT,94.0
3803823,FINLEY RESERVOIR,7200646,GRAND VALLEY PROJECT,94.0
3803895,VALANA K RESERVOIR NO 1,7200646,GRAND VALLEY PROJECT,94.0
3803854,OVERLAND CREEK RESERVOIR,7200646,GRAND VALLEY PROJECT,94.0
3803901,WILLOW POND,7200646,GRAND VALLEY PROJECT,94.0
3803918,ASPEN GOLF COURSE PND 06,7200646,GRAND VALLEY PROJECT,94.0
3803940,RUEDI RESERVOIR AFTERBAY,7200646,GRAND VALLEY PROJECT,94.0
3803938,GOLDEN POND NO 2,7200646,GRAND VALLEY PROJECT,94.0
3803936,PAN AND FORK RESERVOIR,7200646,GRAND VALLEY PROJECT,94.0
3803935,MARKAWILL RESERVOIR,7200646,GRAND VALLEY PROJECT,94.0
3803934,K N C B MOORE FISH POND,7200646,GRAND VALLEY PROJECT,94.0
3803930,HUNT RESERVOIR NO 3,7200646,GRAND VALLEY PROJECT,94.0
3803928,HUNT RESERVOIR NO 1,7200646,GRAND VALLEY PROJECT,94.0
3803907,ASPEN GOLF COURSE PND 01,7200646,GRAND VALLEY PROJECT,94.0
3803926,HIGHLAND POND NO 2,7200646,GRAND VALLEY PROJECT,94.0
3803921,ASPEN GOLF COURSE PND 03,7200646,GRAND VALLEY PROJECT,94.0
3803920,ASPEN GOLF COURSE PND 08,7200646,GRAND VALLEY PROJECT,94.0
3803919,ASPEN GOLF COURSE PND 07,7200646,GRAND VALLEY PROJECT,94.0
3803927,HIGHLAND POND NO 3,7200646,GRAND VALLEY PROJECT,94.0
3803915,ASPEN GOLF COURSE PND 02,7200646,GRAND VALLEY PROJECT,94.0
3803908,ASPEN GOLF COURSE PND 10,7200646,GRAND VALLEY PROJECT,94.0
3803911,ASPEN GOLF COURSE PND 13,7200646,GRAND VALLEY PROJECT,94.0
3803912,ASPEN GOLF COURSE PND 14,7200646,GRAND VALLEY PROJECT,94.0
3803913,ASPEN GOLF COURSE PND 15,7200646,GRAND VALLEY PROJECT,94.0
3803909,ASPEN GOLF COURSE PND 11,7200646,GRAND VALLEY PROJECT,94.0
3803914,ASPEN GOLF COURSE PND 16,7200646,GRAND VALLEY PROJECT,94.0
3803910,ASPEN GOLF COURSE PND 12,7200646,GRAND VALLEY PROJECT,94.0
3803916,ASPEN GOLF COURSE PND 04,7200646,GRAND VALLEY PROJECT,94.0
3803917,ASPEN GOLF COURSE PND 05,7200646,GRAND VALLEY PROJECT,94.0
5004600,SARVIS DITCH,7200646,GRAND VALLEY PROJECT,84.0
5100763,KINNEY BARRIGER DITCH,7200646,GRAND VALLEY PROJECT,84.0
5104007,GLENN POND NO 1,7200646,GRAND VALLEY PROJECT,84.0
3703608,BLACK LAKE,7200646,GRAND VALLEY PROJECT,84.0
5003655,MILK CREEK RESERVOIR,7200646,GRAND VALLEY PROJECT,84.0
5003651,BASIN RESERVOIR,7200646,GRAND VALLEY PROJECT,84.0
5003649,HEINI-KRAMER RESERVOIR,7200646,GRAND VALLEY PROJECT,84.0
5103709,WILLIAMS FORK RESERVOIR,7200646,GRAND VALLEY PROJECT,84.0
3703545,CAMP HALE POND NO 1,7200646,GRAND VALLEY PROJECT,84.0
5003648,LEWIS RESERVOIR,7200646,GRAND VALLEY PROJECT,84.0
5103752,KINGS RESERVOIR,7200646,GRAND VALLEY PROJECT,84.0
3600709,LOBACK DITCH,7200646,GRAND VALLEY PROJECT,84.0
3703516,G G LOWER RESERVOIR,7200646,GRAND VALLEY PROJECT,84.0
5104008,GLENN POND NO 2,7200646,GRAND VALLEY PROJECT,84.0
3703517,G G RESERVOIR,7200646,GRAND VALLEY PROJECT,84.0
3600671,INDEPENDENT BLUE DITCH,7200646,GRAND VALLEY PROJECT,84.0
3702056,MIN FLOW GORE CR LOWER,7200646,GRAND VALLEY PROJECT,84.0
3604923,CLIMAX INTEGRATED WATER SYSTEM,7200646,GRAND VALLEY PROJECT,84.0
5203940,JONES RESERVOIR,7200646,GRAND VALLEY PROJECT,84.0
3603624,SWAN RIVER WATER SYSTEM PONDS,7200646,GRAND VALLEY PROJECT,84.0
3600649,HAMILTON DAVIDSON DITCH,7200646,GRAND VALLEY PROJECT,84.0
5303955,BEAVER DAM RESERVOIR,7200646,GRAND VALLEY PROJECT,84.0
3603548,HOAGLAND NO 1 RESERVOIR,7200646,GRAND VALLEY PROJECT,84.0
5003645,BINCO RESERVOIR,7200646,GRAND VALLEY PROJECT,84.0
3603543,GREEN MOUNTAIN RESERVOIR,7200646,GRAND VALLEY PROJECT,84.0
5303976,JONES NO 3 RESERVOIR,7200646,GRAND VALLEY PROJECT,84.0
5003646,MARTIN RESERVOIR,7200646,GRAND VALLEY PROJECT,84.0
3703684,BRETT RANCH POND,7200646,GRAND VALLEY PROJECT,84.0
5000768,MARTIN LILY POND FEEDER DITCH,7200646,GRAND VALLEY PROJECT,84.0
5000617,MCMAHON DITCH,7200646,GRAND VALLEY PROJECT,84.0
5003616,HEINI RESERVOIR,7200646,GRAND VALLEY PROJECT,84.0
5003624,MARTIN LILY POND RESERVOIR,7200646,GRAND VALLEY PROJECT,84.0
5000734,DEBERARD DITCH OVERFLOW SYSTEM,7200646,GRAND VALLEY PROJECT,84.0
5003618,HINMAN RESERVOIR,7200646,GRAND VALLEY PROJECT,84.0
5003606,ANTELOPE RESERVOIR,7200646,GRAND VALLEY PROJECT,84.0
5003625,MATHESON RESERVOIR,7200646,GRAND VALLEY PROJECT,42.0
3603636,EAGLES NEST RESERVOIR,7200646,GRAND VALLEY PROJECT,42.0
5203973,PINEY PEAK POND NO 3,7200646,GRAND VALLEY PROJECT,42.0
5203972,PINEY PEAK POND NO 2,7200646,GRAND VALLEY PROJECT,42.0
3603625,LAKE ALVIN,7200646,GRAND VALLEY PROJECT,42.0
5203971,PINEY PEAK POND NO 1,7200646,GRAND VALLEY PROJECT,42.0
5203967,GORE CANYON RANCH LAKE 1,7200646,GRAND VALLEY PROJECT,42.0
3603635,WYLER RESERVOIR,7200646,GRAND VALLEY PROJECT,42.0
5203964,OLSEN RESERVOIR NO 5,7200646,GRAND VALLEY PROJECT,42.0
5203963,OLSEN RESERVOIR NO 4,7200646,GRAND VALLEY PROJECT,42.0
5203974,PINEY PEAK POND NO 4,7200646,GRAND VALLEY PROJECT,42.0
3603638,UPPER SLATE LAKE,7200646,GRAND VALLEY PROJECT,42.0
5203962,OLSEN RESERVOIR NO 3,7200646,GRAND VALLEY PROJECT,42.0
3603662,EAGLES NEST GOLF COURSE NO1 POND,7200646,GRAND VALLEY PROJECT,42.0
5203961,OLSEN RESERVOIR NO 2,7200646,GRAND VALLEY PROJECT,42.0
3603664,EAGLES NEST GOLF COURSE NO 4 SOUTH POND,7200646,GRAND VALLEY PROJECT,42.0
5203960,OLSEN RESERVOIR NO 1.5,7200646,GRAND VALLEY PROJECT,42.0
3603665,EAGLES NEST GOLF COURSE NO4 NORTH POND,7200646,GRAND VALLEY PROJECT,42.0
5203959,OLSEN RESERVOIR NO 1,7200646,GRAND VALLEY PROJECT,42.0
3603666,EAGLES NEST GOLF COURSE NO 7 POND,7200646,GRAND VALLEY PROJECT,42.0
5203949,ROCK GAP DAM,7200646,GRAND VALLEY PROJECT,42.0
3603617,SWEETWATER POND NO 9,7200646,GRAND VALLEY PROJECT,42.0
5203975,PINEY PEAK POND NO 5,7200646,GRAND VALLEY PROJECT,42.0
3603616,SWEETWATER POND NO 8,7200646,GRAND VALLEY PROJECT,42.0
3603668,EAGLES NEST GOLF COURSE NO 9 NORTH POND,7200646,GRAND VALLEY PROJECT,42.0
3603595,VALLEY OF THE BLUE RESERVOIR 1,7200646,GRAND VALLEY PROJECT,42.0
5204013,TRIANGLE RESERVOIR,7200646,GRAND VALLEY PROJECT,42.0
3603596,BILLS RANCH LAKE,7200646,GRAND VALLEY PROJECT,42.0
5204012,STEINRPI22 RESERVOIR,7200646,GRAND VALLEY PROJECT,42.0
3603599,SAWMILL RESERVOIR,7200646,GRAND VALLEY PROJECT,42.0
5204008,SOUTHFORK RESERVOIR,7200646,GRAND VALLEY PROJECT,42.0
3603604,MIN LAKE MAHAN LAKE,7200646,GRAND VALLEY PROJECT,42.0
5204006,REED RESERVOIR,7200646,GRAND VALLEY PROJECT,42.0
3603605,MIN LAKE MIRROR LAKE,7200646,GRAND VALLEY PROJECT,42.0
5204005,PINJNRPI20 RESERVOIR,7200646,GRAND VALLEY PROJECT,42.0
3603606,OFFICERS GULCH POND,7200646,GRAND VALLEY PROJECT,42.0
5204003,PEYTON RESERVOIR,7200646,GRAND VALLEY PROJECT,42.0
3603610,SWEETWATER POND NO 2,7200646,GRAND VALLEY PROJECT,42.0
5204002,NELKREPI24 RESERVOIR,7200646,GRAND VALLEY PROJECT,42.0
3603611,SWEETWATER POND NO 3,7200646,GRAND VALLEY PROJECT,42.0
5204000,MONIGFLAT RESERVOIR,7200646,GRAND VALLEY PROJECT,42.0
3603612,SWEETWATER POND NO 4,7200646,GRAND VALLEY PROJECT,42.0
5203996,FILBUR RESERVOIR,7200646,GRAND VALLEY PROJECT,42.0
3603613,SWEETWATER POND NO 5,7200646,GRAND VALLEY PROJECT,42.0
5203994,EDWARDS RESERVOIR,7200646,GRAND VALLEY PROJECT,42.0
3603614,SWEETWATER POND NO 6,7200646,GRAND VALLEY PROJECT,42.0
5203990,COX RESERVOIR,7200646,GRAND VALLEY PROJECT,42.0
3603615,SWEETWATER POND NO 7,7200646,GRAND VALLEY PROJECT,42.0
3603667,EAGLES NEST GOLF COURSE NO 9 SOUTH POND,7200646,GRAND VALLEY PROJECT,42.0
3603669,EAGLES NEST GOLF COURSE NO12 POND,7200646,GRAND VALLEY PROJECT,42.0
5203946,OXFORD RESERVOIR,7200646,GRAND VALLEY PROJECT,42.0
3701086,STONE CR RES AND DITCH,7200646,GRAND VALLEY PROJECT,42.0
3700683,LEONARD HORN DITCH NO 1,7200646,GRAND VALLEY PROJECT,42.0
5104047,NEVER SUMMER LAKE,7200646,GRAND VALLEY PROJECT,42.0
3700684,LEONARD HORN DITCH NO 2,7200646,GRAND VALLEY PROJECT,42.0
5104043,KLEINS FISH POND NO 4,7200646,GRAND VALLEY PROJECT,42.0
3700708,METCALF DITCH,7200646,GRAND VALLEY PROJECT,42.0
5104042,KLEINS FISH POND NO 3,7200646,GRAND VALLEY PROJECT,42.0
3700835,TOWNSEND DITCH,7200646,GRAND VALLEY PROJECT,42.0
5104041,KLEINS FISH POND NO 2,7200646,GRAND VALLEY PROJECT,42.0
3700848,WARREN DITCH,7200646,GRAND VALLEY PROJECT,42.0
5104040,KLEINS FISH POND NO 1,7200646,GRAND VALLEY PROJECT,42.0
5104039,HEBERTON RESERVOIR,7200646,GRAND VALLEY PROJECT,42.0
3700613,GRACE PARK DITCH,7200646,GRAND VALLEY PROJECT,42.0
3701255,HOMESTAKE PROJ CONDUIT,7200646,GRAND VALLEY PROJECT,42.0
5104038,GORE RESERVOIR NO 1,7200646,GRAND VALLEY PROJECT,42.0
3701290,WARREN E WURTS DITCH EXT,7200646,GRAND VALLEY PROJECT,42.0
5104037,C LAZY U FISH POND NO 2,7200646,GRAND VALLEY PROJECT,42.0
3702002,MIN FLOW EAST LAKE CREEK,7200646,GRAND VALLEY PROJECT,42.0
5104032,WHITING RESERVOIR NO 1,7200646,GRAND VALLEY PROJECT,42.0
3702012,MIN FLOW EAGLE RIVER BRUSH CR TO COLO R,7200646,GRAND VALLEY PROJECT,42.0
5104029,ROBINSON SWAN DITCH NO 2 POND 3,7200646,GRAND VALLEY PROJECT,42.0
3702018,MIN FLOW CROSS CR LOWER,7200646,GRAND VALLEY PROJECT,42.0
5104028,ROBINSON SWAN DITCH NO 2 POND 2,7200646,GRAND VALLEY PROJECT,42.0
5104048,NIELSEN RESERVOIR,7200646,GRAND VALLEY PROJECT,42.0
5104049,NORGREN RESERVOIR,7200646,GRAND VALLEY PROJECT,42.0
3603594,MIN LAKE UPPER WHEELER,7200646,GRAND VALLEY PROJECT,42.0
5200632,SCHLEGAL DITCH (ALKALI),7200646,GRAND VALLEY PROJECT,42.0
5000627,PASS CREEK DITCH,7200646,GRAND VALLEY PROJECT,42.0
3603670,EAGLES NEST GOLF COURSE NO16 EAST POND,7200646,GRAND VALLEY PROJECT,42.0
5203939,HURT RESERVOIR,7200646,GRAND VALLEY PROJECT,42.0
3603692,OFF GUL RP RESERVOIR,7200646,GRAND VALLEY PROJECT,42.0
5203937,CHRISTENSEN DAM,7200646,GRAND VALLEY PROJECT,42.0
3603694,ARAPAHOE BASIN SNOWMAKING RESERVOIR,7200646,GRAND VALLEY PROJECT,42.0
5203936,CASTLE RESERVOIR,7200646,GRAND VALLEY PROJECT,42.0
3604512,DILLON RESERVOIR,7200646,GRAND VALLEY PROJECT,42.0
5200662,BEST DITCH,7200646,GRAND VALLEY PROJECT,42.0
3604683,CON-HOOSIER SYS BLUE RIVER DITCH,7200646,GRAND VALLEY PROJECT,42.0
3604684,BLUE RIVER DIVERSION PROJECT,7200646,GRAND VALLEY PROJECT,42.0
5000662,WHEATLEY DITCH NO 2,7200646,GRAND VALLEY PROJECT,42.0
3604687,CON-HOOSIER SYS CRYSTAL DITCH,7200646,GRAND VALLEY PROJECT,42.0
3604688,CON-HOOSIER SYS DITCH INTERCEPTED FLOWS,7200646,GRAND VALLEY PROJECT,42.0
3604690,CON-HOOSIER SYS MCCULLOUGH DITCH,7200646,GRAND VALLEY PROJECT,42.0
5104054,ECKER POND,7200646,GRAND VALLEY PROJECT,42.0
3604692,CON-HOOSIER - EAST HOOSIER DITCH CLAIM 1,7200646,GRAND VALLEY PROJECT,42.0
5104053,OURAY RESERVOIR NO 1,7200646,GRAND VALLEY PROJECT,42.0
3604696,CON-HOOSIER - DITCH CLAIM 2,7200646,GRAND VALLEY PROJECT,42.0
5104052,OURAY RESERVOIR NO 2,7200646,GRAND VALLEY PROJECT,42.0
3604699,CON-HOOSIER TUNNEL,7200646,GRAND VALLEY PROJECT,42.0
5104051,SUN VALLEY RESERVOIR,7200646,GRAND VALLEY PROJECT,42.0
5204014,TWINPINE RESERVOIR,7200646,GRAND VALLEY PROJECT,42.0
3603593,MIN LAKE SLATE LAKE NO 1,7200646,GRAND VALLEY PROJECT,42.0
5204018,UNCAPHER SPR RESERVOIR,7200646,GRAND VALLEY PROJECT,42.0
3603537,BUMGARNER RESERVOIR,7200646,GRAND VALLEY PROJECT,42.0
5303999,TONIER GULCH RESERVOIR,7200646,GRAND VALLEY PROJECT,42.0
3602030,MIN FLOW BLUE RIVER 3 - SWAN RIVER UP TO POND,7200646,GRAND VALLEY PROJECT,42.0
5303998,TEPE RESERVOIR,7200646,GRAND VALLEY PROJECT,42.0
3602033,MIN FLOW SNAKE RIVER LOW - NORTH FORK TO DILLON,7200646,GRAND VALLEY PROJECT,42.0
5303996,STOUT RESERVOIR,7200646,GRAND VALLEY PROJECT,42.0
3602037,MIN FLOW BLUE RIVER 4 - SWAN RIVER TO DILLON,7200646,GRAND VALLEY PROJECT,42.0
5303995,STERNER RESERVOIR,7200646,GRAND VALLEY PROJECT,42.0
3602043,MIN FLOW BLUE RIVER 5 - DILLON TO STRAIGHT CK,7200646,GRAND VALLEY PROJECT,42.0
5303994,SAWMILL RESERVOIR,7200646,GRAND VALLEY PROJECT,42.0
3602044,MIN FLOW BLUE RIVER 6 - STRAIGHT CK TO WILLOW CK,7200646,GRAND VALLEY PROJECT,42.0
3602045,MIN FLOW BLUE RIVER 7 - ROCK CK TO WILLOW CK,7200646,GRAND VALLEY PROJECT,42.0
5303989,NOBLE RESERVOIR,7200646,GRAND VALLEY PROJECT,42.0
3602046,MIN FLOW BLUE RIVER 8 - ROCK CK TO BOULDER CK,7200646,GRAND VALLEY PROJECT,42.0
5303988,NEWTON GULCH RESERVOIR,7200646,GRAND VALLEY PROJECT,42.0
3602047,MIN FLOW BLUE RIVER 9 - BOULDER CK TO SLATE CK,7200646,GRAND VALLEY PROJECT,42.0
5303983,MCCOY RESERVOIR,7200646,GRAND VALLEY PROJECT,42.0
3602048,MIN FLOW BLUE RIVER 10 - SLATE CK TO GMR,7200646,GRAND VALLEY PROJECT,42.0
5303982,LUARK RESERVOIR,7200646,GRAND VALLEY PROJECT,42.0
3602049,MIN FLOW BLUE RIVER 11 - GMR TO COLORADO RIVER,7200646,GRAND VALLEY PROJECT,42.0
5303979,KING MOUNTAIN RES-UPPER,7200646,GRAND VALLEY PROJECT,42.0
3603533,BLACK LAKE RESERVOIR,7200646,GRAND VALLEY PROJECT,42.0
5303978,KELLY RESERVOIR,7200646,GRAND VALLEY PROJECT,42.0
3603534,BOBO STRAIT RESERVOIR,7200646,GRAND VALLEY PROJECT,42.0
3601100,BLUE RIVER VALLEY RANCH RESERVOIR DIVERSION,7200646,GRAND VALLEY PROJECT,42.0
5304002,TRAIL RESERVOIR,7200646,GRAND VALLEY PROJECT,42.0
3601085,COPPER MTN WEST LAKE PIPELINE 1,7200646,GRAND VALLEY PROJECT,42.0
5304020,MACKINAW LAKE RES NO 2,7200646,GRAND VALLEY PROJECT,42.0
3600645,GUTHRIE THOMAS DITCH,7200646,GRAND VALLEY PROJECT,42.0
5000574,HARDSCRABBLE DITCH,7200646,GRAND VALLEY PROJECT,42.0
5304026,TROUTVILLE POND NO 4,7200646,GRAND VALLEY PROJECT,42.0
3600687,KIRKWOOD DITCH,7200646,GRAND VALLEY PROJECT,42.0
5304025,TROUTVILLE POND NO 3,7200646,GRAND VALLEY PROJECT,42.0
5000576,HAYPARK CANAL HGT NO 1,7200646,GRAND VALLEY PROJECT,42.0
5304024,TROUTVILLE POND NO 2,7200646,GRAND VALLEY PROJECT,42.0
3600734,MCKAY DITCH,7200646,GRAND VALLEY PROJECT,42.0
5304023,TROUTVILLE POND NO 1,7200646,GRAND VALLEY PROJECT,42.0
3600780,PLUNGER DITCH,7200646,GRAND VALLEY PROJECT,42.0
3600796,SAUMS DITCH,7200646,GRAND VALLEY PROJECT,42.0
5304004,WOHLER RESERVOIR,7200646,GRAND VALLEY PROJECT,42.0
5304019,LYLE FISH POND NO 1,7200646,GRAND VALLEY PROJECT,42.0
3600803,SMITH NO 2 DITCH,7200646,GRAND VALLEY PROJECT,42.0
5304017,JACK HILL RESERVOIR,7200646,GRAND VALLEY PROJECT,42.0
3600830,SUPPLY CANAL NO 1 CLINTON,7200646,GRAND VALLEY PROJECT,42.0
5304015,HERRES POND,7200646,GRAND VALLEY PROJECT,42.0
3600985,BLUE VALLEY RANCH HYDRO,7200646,GRAND VALLEY PROJECT,42.0
5304014,GEORGE A GATES RES NO 2,7200646,GRAND VALLEY PROJECT,42.0
3601044,BRECKENRIDGE SKI AREA PUMP PLANT & PIPELINE,7200646,GRAND VALLEY PROJECT,42.0
5304013,GEORGE A GATES RES NO 1,7200646,GRAND VALLEY PROJECT,42.0
3601058,VIDLER TUNNEL UNIT HDGT D,7200646,GRAND VALLEY PROJECT,42.0
5000601,MARTIN NO 1 DITCH (NORTH FORK HGT),7200646,GRAND VALLEY PROJECT,42.0
5303972,HIDDEN SPRINGS RESERVOIR,7200646,GRAND VALLEY PROJECT,42.0
5104027,ROBINSON SWAN DITCH NO 1 POND 2,7200646,GRAND VALLEY PROJECT,42.0
3603542,GOOSE PASTURE TARN,7200646,GRAND VALLEY PROJECT,42.0
3603580,GRIGGS RESERVOIR NO 5,7200646,GRAND VALLEY PROJECT,42.0
3603581,GRIGGS RESERVOIR NO 6,7200646,GRAND VALLEY PROJECT,42.0
5302007,MIN FLOW DEEP CREEK,7200646,GRAND VALLEY PROJECT,42.0
3603582,GRIGGS RESERVOIR NO 7,7200646,GRAND VALLEY PROJECT,42.0
5302006,MIN FLOW SWEETWATER CR,7200646,GRAND VALLEY PROJECT,42.0
3603583,HEIT RANCH RESERVOIR,7200646,GRAND VALLEY PROJECT,42.0
5300754,PIPELINE DITCH,7200646,GRAND VALLEY PROJECT,42.0
3603584,MIN LAKE LOST LAKE,7200646,GRAND VALLEY PROJECT,42.0
5300704,MIDDLE DERBY DITCH,7200646,GRAND VALLEY PROJECT,42.0
3603585,MIN LAKE LOWER WHEELER,7200646,GRAND VALLEY PROJECT,42.0
5300662,KEEP DITCH,7200646,GRAND VALLEY PROJECT,42.0
3603586,MIN LAKE MOHAWK NO 2,7200646,GRAND VALLEY PROJECT,42.0
5300621,HIGHWATER DITCH,7200646,GRAND VALLEY PROJECT,42.0
3603587,MIN LAKE MOHAWK NO 5,7200646,GRAND VALLEY PROJECT,42.0
5300595,GRIMES BROOKS R INTAKE D,7200646,GRAND VALLEY PROJECT,42.0
3603588,MIN LAKE MOHAWK NO 6,7200646,GRAND VALLEY PROJECT,42.0
5300594,GRIMES BROOKS FDR2 D HG2,7200646,GRAND VALLEY PROJECT,42.0
3603589,MIN LAKE MOHAWK  NO 7,7200646,GRAND VALLEY PROJECT,42.0
5300584,SHOSHONE POWER PLANT,7200646,GRAND VALLEY PROJECT,42.0
3603591,MIN LAKE SALMON LAKE,7200646,GRAND VALLEY PROJECT,42.0
5204020,WASPRE PI21 RESERVOIR,7200646,GRAND VALLEY PROJECT,42.0
3603592,SHANE RESERVOIR,7200646,GRAND VALLEY PROJECT,42.0
5204019,WALTER RESERVOIR,7200646,GRAND VALLEY PROJECT,42.0
3603579,GRIGGS RESERVOIR NO 4,7200646,GRAND VALLEY PROJECT,42.0
3603578,GRIGGS RESERVOIR NO 3,7200646,GRAND VALLEY PROJECT,42.0
3603575,CLINTON GULCH RESERVOIR,7200646,GRAND VALLEY PROJECT,42.0
5303960,CRESENT LAKE RESERVOIR,7200646,GRAND VALLEY PROJECT,42.0
5303971,HEART LAKE RESERVOIR,7200646,GRAND VALLEY PROJECT,42.0
5000606,MISSOURI DITCH,7200646,GRAND VALLEY PROJECT,42.0
5303969,HADLEY NO 2 RESERVOIR,7200646,GRAND VALLEY PROJECT,42.0
3603544,GRIGGS RESERVOIR,7200646,GRAND VALLEY PROJECT,42.0
3603545,GRIGGS RESERVOIR NO 2,7200646,GRAND VALLEY PROJECT,42.0
5000612,MCELROY NO 1 DITCH,7200646,GRAND VALLEY PROJECT,42.0
5303963,E M CURRY RESERVOIR,7200646,GRAND VALLEY PROJECT,42.0
3603549,JONES RESERVOIR,7200646,GRAND VALLEY PROJECT,42.0
5303961,ED W HARPER RESERVOIR,7200646,GRAND VALLEY PROJECT,42.0
3603555,LOST LAKE RESERVOIR,7200646,GRAND VALLEY PROJECT,42.0
3603565,REYNOLDS RESERVOIR,7200646,GRAND VALLEY PROJECT,42.0
5303536,HANGING LAKE,7200646,GRAND VALLEY PROJECT,42.0
5000613,MCELROY NO 2 DITCH,7200646,GRAND VALLEY PROJECT,42.0
3603569,UPPER BLACK CREEK RESERVOIR,7200646,GRAND VALLEY PROJECT,42.0
5303952,A J RESERVOIR,7200646,GRAND VALLEY PROJECT,42.0
3603570,CON-HOOSIER UPPER BLUE LAKE,7200646,GRAND VALLEY PROJECT,42.0
5303565,W DEAD HORSE RESERVOIR,7200646,GRAND VALLEY PROJECT,42.0
3603571,WAY RESERVOIR,7200646,GRAND VALLEY PROJECT,42.0
5303562,UP IS LAKE,7200646,GRAND VALLEY PROJECT,42.0
3603573,MIN LAKE BOULDER LAKE,7200646,GRAND VALLEY PROJECT,42.0
5303543,LOST LAKE,7200646,GRAND VALLEY PROJECT,42.0
3603574,MIN LAKE CLIFF LAKE,7200646,GRAND VALLEY PROJECT,42.0
3702028,MIN FLOW EAGLE RIVER HOMESTAKE TO CROSS CR,7200646,GRAND VALLEY PROJECT,42.0
3702034,MIN FLOW EAGLE RIVER RESOLUTION TO HOMESTAKE,7200646,GRAND VALLEY PROJECT,42.0
3703880,UBRUCR RES 2,7200646,GRAND VALLEY PROJECT,42.0
5104026,ROBINSON SWAN DITCH NO 2 POND 1,7200646,GRAND VALLEY PROJECT,42.0
3703690,COTTON POND NO 2,7200646,GRAND VALLEY PROJECT,42.0
5102012,MIN FLOW WILLOW CREEK PASS CK - BLM,7200646,GRAND VALLEY PROJECT,42.0
3703695,ROCHFORD POND,7200646,GRAND VALLEY PROJECT,42.0
3703703,CHAROLAIS RESERVOIR,7200646,GRAND VALLEY PROJECT,42.0
5101250,HAMILTON-CABIN CREEK EXTENSION,7200646,GRAND VALLEY PROJECT,42.0
3703704,14TH HOLE RESERVOIR,7200646,GRAND VALLEY PROJECT,42.0
5101237,WILLIAMS FORK POWER CONDUIT,7200646,GRAND VALLEY PROJECT,42.0
3703706,OGILBY RESERVOIR,7200646,GRAND VALLEY PROJECT,42.0
5101149,THOMPSON PUMP NO 2,7200646,GRAND VALLEY PROJECT,42.0
3703718,JHY RESERVOIR,7200646,GRAND VALLEY PROJECT,42.0
5101148,THOMPSON PUMP NO 1,7200646,GRAND VALLEY PROJECT,42.0
3703743,JONES CASTLE CREEK POND,7200646,GRAND VALLEY PROJECT,42.0
5101070,HENDERSON MINE WATER SYSTEM,7200646,GRAND VALLEY PROJECT,42.0
3703751,PILGRIM RANCH POND NO 1,7200646,GRAND VALLEY PROJECT,42.0
3703753,PILGRIM RANCH POND NO 3,7200646,GRAND VALLEY PROJECT,42.0
5100958,CBT WILLOW CREEK FEEDER,7200646,GRAND VALLEY PROJECT,42.0
3703754,PILGRIM RANCH POND NO 4,7200646,GRAND VALLEY PROJECT,42.0
3703755,PILGRIM RANCH POND NO 5,7200646,GRAND VALLEY PROJECT,42.0
3703756,PILGRIM RANCH POND NO 6,7200646,GRAND VALLEY PROJECT,42.0
5100728,HAMILTON-CABIN CREEK DITCH,7200646,GRAND VALLEY PROJECT,42.0
3703757,PILGRIM RANCH POND NO 7,7200646,GRAND VALLEY PROJECT,42.0
5100678,CBT GRANBY PUMP CANAL,7200646,GRAND VALLEY PROJECT,42.0
3703759,PILGRIM RANCH POND NO 9,7200646,GRAND VALLEY PROJECT,42.0
5102014,MIN FLOW WILLIAMS FORK RIVER,7200646,GRAND VALLEY PROJECT,42.0
3703689,CORNWELL POND NO 1,7200646,GRAND VALLEY PROJECT,42.0
5102016,MIN FLOW WILLIAMS FORK RIVER,7200646,GRAND VALLEY PROJECT,42.0
3703665,WATERFORD RANCH PD P19-1,7200646,GRAND VALLEY PROJECT,42.0
3703630,SCHMIDT GYPSUM RANCH DAM,7200646,GRAND VALLEY PROJECT,42.0
5102043,MIN LEVEL COLUMBINE LAKE,7200646,GRAND VALLEY PROJECT,42.0
3703635,15TH HOLE RESERVOIR,7200646,GRAND VALLEY PROJECT,42.0
5102042,MIN LEVEL CARIBOU LAKE,7200646,GRAND VALLEY PROJECT,42.0
3703644,OLSEN RESERVOIR NO 1,7200646,GRAND VALLEY PROJECT,42.0
5102041,MIN LEVEL BOWEN LAKE,7200646,GRAND VALLEY PROJECT,42.0
3703645,WATERFORD RANCH PD P7-1,7200646,GRAND VALLEY PROJECT,42.0
5102040,MIN LEVEL BLUE LAKE,7200646,GRAND VALLEY PROJECT,42.0
3703659,WATERFORD RANCH PD P8-2,7200646,GRAND VALLEY PROJECT,42.0
5102039,MIN FLOW WILLIAMS FORK RIVER,7200646,GRAND VALLEY PROJECT,42.0
5102038,MIN FLOW COLORADO RIVER WINDY GAP-WILLIAMS FORK,7200646,GRAND VALLEY PROJECT,42.0
3703688,PETTY RESERVOIR,7200646,GRAND VALLEY PROJECT,42.0
3703681,WILLOW CREEK RES NO1 ENL,7200646,GRAND VALLEY PROJECT,42.0
5102037,MIN FLOW COLORADO RIVER WILLIAMS FK-TROUBLESOME,7200646,GRAND VALLEY PROJECT,42.0
3703682,18TH HOLE RESERVOIR,7200646,GRAND VALLEY PROJECT,42.0
5102036,MIN FLOW COLORADO RIVER TROUBLESOME-BLUE,7200646,GRAND VALLEY PROJECT,42.0
3703683,6TH HOLE RESERVOIR,7200646,GRAND VALLEY PROJECT,42.0
5102035,MIN FLOW WILLIAMS FORK RIVER,7200646,GRAND VALLEY PROJECT,42.0
3703969,CORDILLERA RES NO. 1,7200646,GRAND VALLEY PROJECT,42.0
5102028,MIN FLOW WILLIAMS FORK RIVER,7200646,GRAND VALLEY PROJECT,42.0
3703686,MONROE POND,7200646,GRAND VALLEY PROJECT,42.0
5102027,MIN FLOW WILLIAMS FORK RIVER,7200646,GRAND VALLEY PROJECT,42.0
3703760,PILGRIM RANCH POND NO 10,7200646,GRAND VALLEY PROJECT,42.0
5100629,FARRIS SOUTH SIDE DITCH,7200646,GRAND VALLEY PROJECT,42.0
3703765,PILGRIM RANCH POND NO 15,7200646,GRAND VALLEY PROJECT,42.0
3703858,METCALF RESERVOIR,7200646,GRAND VALLEY PROJECT,42.0
3703840,GYPSUM CRWD3 RESERVOIR,7200646,GRAND VALLEY PROJECT,42.0
3703843,HOLLAND RESERVOIR,7200646,GRAND VALLEY PROJECT,42.0
3703847,JAMES RESERVOIR,7200646,GRAND VALLEY PROJECT,42.0
3703882,USAWMILL GUL RESERVOIR,7200646,GRAND VALLEY PROJECT,42.0
3703851,LOST LAKE,7200646,GRAND VALLEY PROJECT,42.0
5003644,ALBERT RESERVOIR,7200646,GRAND VALLEY PROJECT,42.0
3703855,MCGINLEY RESERVOIR,7200646,GRAND VALLEY PROJECT,42.0
5003643,WOODS RESERVOIR,7200646,GRAND VALLEY PROJECT,42.0
3703856,MCKENZIE RESERVOIR,7200646,GRAND VALLEY PROJECT,42.0
5003642,WHITELY PEAK RESERVOIR,7200646,GRAND VALLEY PROJECT,42.0
5003641,WHEATLEY DIVR POND NO 2,7200646,GRAND VALLEY PROJECT,42.0
3703883,VANHORN RESERVOIR,7200646,GRAND VALLEY PROJECT,42.0
3703859,METENYPK RESERVOIR,7200646,GRAND VALLEY PROJECT,42.0
5003640,WHEATLEY DIVR POND NO 1,7200646,GRAND VALLEY PROJECT,42.0
3703863,N MILLER RESERVOIR,7200646,GRAND VALLEY PROJECT,42.0
5003637,RUDOLPH RESERVOIR,7200646,GRAND VALLEY PROJECT,42.0
3703877,TRACEYS RESERVOIR,7200646,GRAND VALLEY PROJECT,42.0
5003632,PARSONS RESERVOIR,7200646,GRAND VALLEY PROJECT,42.0
3703878,TRAER GULCH RESERVOIR,7200646,GRAND VALLEY PROJECT,42.0
5003629,MCMAHON RESERVOIR NO 2,7200646,GRAND VALLEY PROJECT,42.0
3703879,UBRUCR RES 1,7200646,GRAND VALLEY PROJECT,42.0
5003627,MCELROY RESERVOIR,7200646,GRAND VALLEY PROJECT,42.0
3703838,FROST RESERVOIR,7200646,GRAND VALLEY PROJECT,42.0
3703836,ERICKSON LK RESERVOIR,7200646,GRAND VALLEY PROJECT,42.0
5100546,BUNTE HIGHLINE DITCH,7200646,GRAND VALLEY PROJECT,42.0
3703818,BROOKS RESERVOIR,7200646,GRAND VALLEY PROJECT,42.0
3703811,BEAR GUL RES,7200646,GRAND VALLEY PROJECT,42.0
3703889,FEZ RESERVOIR,7200646,GRAND VALLEY PROJECT,42.0
3703813,BIG PARKS RESERVOIR,7200646,GRAND VALLEY PROJECT,42.0
5003677,CARTER POND,7200646,GRAND VALLEY PROJECT,42.0
3703814,BLACK LAKE 1,7200646,GRAND VALLEY PROJECT,42.0
5003668,WOLFORD MOUNTAIN RESERVOIR,7200646,GRAND VALLEY PROJECT,42.0
3703816,BORAH LAKE,7200646,GRAND VALLEY PROJECT,42.0
5003661,HARTMAN NO 2 POND,7200646,GRAND VALLEY PROJECT,42.0
3703817,BOWN RESERVOIR,7200646,GRAND VALLEY PROJECT,42.0
5003659,DAVISON RESERVOIR,7200646,GRAND VALLEY PROJECT,42.0
3703820,BUCK CR RESERVOIR,7200646,GRAND VALLEY PROJECT,42.0
5003623,LAKE AGNES,7200646,GRAND VALLEY PROJECT,42.0
5003654,CURRAN POND,7200646,GRAND VALLEY PROJECT,42.0
3703822,CHERRY LAKE,7200646,GRAND VALLEY PROJECT,42.0
5003653,COLBURN RESERVOIR NO 2,7200646,GRAND VALLEY PROJECT,42.0
3703825,CROSS GUL #2 RESERVOIR,7200646,GRAND VALLEY PROJECT,42.0
5003652,COLBURN RESERVOIR,7200646,GRAND VALLEY PROJECT,42.0
3703829,DENISON D RESERVOIR,7200646,GRAND VALLEY PROJECT,42.0
3703884,W THIRD GUL RESERVOIR,7200646,GRAND VALLEY PROJECT,42.0
3703830,DENISON RESERVOIR,7200646,GRAND VALLEY PROJECT,42.0
5003650,SARACENO RESERVOIR,7200646,GRAND VALLEY PROJECT,42.0
3703833,EAST BEARD RESERVOIR,7200646,GRAND VALLEY PROJECT,42.0
5102044,MIN LEVEL CRATER LAKE,7200646,GRAND VALLEY PROJECT,42.0
3703627,JUNE CREEK RESERVOIR,7200646,GRAND VALLEY PROJECT,42.0
5102045,MIN LEVEL GOURD LAKE,7200646,GRAND VALLEY PROJECT,42.0
3703546,MIN LAKE CLEVELAND,7200646,GRAND VALLEY PROJECT,42.0
3703534,MIN LAKE ANTOINES CAB 2,7200646,GRAND VALLEY PROJECT,42.0
5000770,CARTER CREEK FEEDER DITCH,7200646,GRAND VALLEY PROJECT,42.0
3703535,MIN LAKE BEAVER,7200646,GRAND VALLEY PROJECT,42.0
5103750,FRASER VALLEY DOWNSTREAM RESERVOIR,7200646,GRAND VALLEY PROJECT,42.0
3703536,MIN LAKE BENCH LAKE NO 1,7200646,GRAND VALLEY PROJECT,42.0
5103748,LEWIS POND EMPOUNDMENT,7200646,GRAND VALLEY PROJECT,42.0
3703537,MIN LAKE BENCH LAKE NO 2,7200646,GRAND VALLEY PROJECT,42.0
5103747,DIXON NORTHROP RESERVOIR,7200646,GRAND VALLEY PROJECT,42.0
3703538,MIN LAKE BLODGETT LAKE,7200646,GRAND VALLEY PROJECT,42.0
5103746,ALLEN'S RESERVOIR AND DITCH,7200646,GRAND VALLEY PROJECT,42.0
3703539,MIN LAKE BRADY 2 (SOPRIS,7200646,GRAND VALLEY PROJECT,42.0
5103745,POLE CREEK MEADOWS RESERVOIR NO 1,7200646,GRAND VALLEY PROJECT,42.0
3703540,MIN LAKE BORAH,7200646,GRAND VALLEY PROJECT,42.0
5103742,WINDY GAP RESERVOIR,7200646,GRAND VALLEY PROJECT,42.0
3703541,MIN LAKE BOWL OF TEARS,7200646,GRAND VALLEY PROJECT,42.0
5103740,VILLAGE LAKE NO 2 AT WINTER PARK RANCH,7200646,GRAND VALLEY PROJECT,42.0
3703542,MIN LAKE BRADY NO 1,7200646,GRAND VALLEY PROJECT,42.0
5103739,VILLAGE LAKE AT WINTER PARK RANCH,7200646,GRAND VALLEY PROJECT,42.0
3703543,BUXMAN FISH POND,7200646,GRAND VALLEY PROJECT,42.0
5103737,TWINFLOWER LAKE,7200646,GRAND VALLEY PROJECT,42.0
3703544,CAMP HALE POND,7200646,GRAND VALLEY PROJECT,42.0
5103732,GAYLORD RESERVOIR,7200646,GRAND VALLEY PROJECT,42.0
3704614,HOMESTAKE PROJ TUNNEL,7200646,GRAND VALLEY PROJECT,42.0
5104006,BULL RUN CREEK RESERVOIR,7200646,GRAND VALLEY PROJECT,42.0
3703533,MIN LAKE ANTOINES CAB 1,7200646,GRAND VALLEY PROJECT,42.0
3704643,HOMESTAKE PROJ CONDUIT,7200646,GRAND VALLEY PROJECT,42.0
5104020,LITTLE HO RESERVOIR,7200646,GRAND VALLEY PROJECT,42.0
3702041,MIN FLOW EAGLE RIVER GORE CR TO LAKE CR,7200646,GRAND VALLEY PROJECT,42.0
5104025,ROBINSON SWAN DITCH NO 1 POND 1,7200646,GRAND VALLEY PROJECT,42.0
3702042,MIN FLOW EAGLE RIVER CROSS CR TO GORE CR,7200646,GRAND VALLEY PROJECT,42.0
5104024,PICKERING RESERVOIR,7200646,GRAND VALLEY PROJECT,42.0
3702043,MIN FLOW BRUSH CREEK,7200646,GRAND VALLEY PROJECT,42.0
5104023,PASCAL POND NO 2,7200646,GRAND VALLEY PROJECT,42.0
3702046,MIN FLOW EAGLE RIVER S AND E FK TO RESOLUTION CR,7200646,GRAND VALLEY PROJECT,42.0
5104022,PASCAL POND NO 1,7200646,GRAND VALLEY PROJECT,42.0
3702048,MIN FLOW BEAVER CREEK,7200646,GRAND VALLEY PROJECT,42.0
5104021,MEADOW SPRINGS RESERVOIR,7200646,GRAND VALLEY PROJECT,42.0
3702057,MIN FLOW GORE CR MIDDLE,7200646,GRAND VALLEY PROJECT,42.0
3703522,NOECKER RESERVOIR,7200646,GRAND VALLEY PROJECT,42.0
5104019,KOVACS POND NO 2,7200646,GRAND VALLEY PROJECT,42.0
3702059,MIN FLOW EAGLE RIVER LAKE CR TO BRUSH CR,7200646,GRAND VALLEY PROJECT,42.0
5104018,KOVACS POND NO 1,7200646,GRAND VALLEY PROJECT,42.0
3703510,BLACK LAKE NO 2,7200646,GRAND VALLEY PROJECT,42.0
5104013,DOE CREEK RESERVOIR,7200646,GRAND VALLEY PROJECT,42.0
3703513,CHALK MOUNTAIN RESERVOIR,7200646,GRAND VALLEY PROJECT,42.0
5104012,COTTONWOOD RESERVOIR,7200646,GRAND VALLEY PROJECT,42.0
5000754,KIRTZ DITCH NO 2 HG NO 4,7200646,GRAND VALLEY PROJECT,42.0
5104010,MURPHY RESERVOIR,7200646,GRAND VALLEY PROJECT,42.0
5000762,MCMAHON DITCH (DEER CR),7200646,GRAND VALLEY PROJECT,42.0
3703616,ARROWHEAD DAM,7200646,GRAND VALLEY PROJECT,42.0
5103730,MOUNTAIN VALLEY RESERVOIR NO 1,7200646,GRAND VALLEY PROJECT,42.0
5103726,MORAINE LAKE NO 3,7200646,GRAND VALLEY PROJECT,42.0
3703547,MIN LAKE DELUGE LAKE,7200646,GRAND VALLEY PROJECT,42.0
5103682,LITTLE BUCKAROO FISH PND,7200646,GRAND VALLEY PROJECT,42.0
3703597,KEELER RESERVOIR,7200646,GRAND VALLEY PROJECT,42.0
5103665,HANKINSON RESERVOIR,7200646,GRAND VALLEY PROJECT,42.0
3703598,K A C RESERVOIR,7200646,GRAND VALLEY PROJECT,42.0
5103661,F W LINKE NO 3 RESERVOIR,7200646,GRAND VALLEY PROJECT,42.0
3703600,BENCHMARK LAKE,7200646,GRAND VALLEY PROJECT,42.0
5103660,F W LINKE NO 2 RESERVOIR,7200646,GRAND VALLEY PROJECT,42.0
3703601,EAGLE POND,7200646,GRAND VALLEY PROJECT,42.0
5103659,F W LINKE RESERVOIR,7200646,GRAND VALLEY PROJECT,42.0
3703603,LAKE CREEK  MEADOWS RES,7200646,GRAND VALLEY PROJECT,42.0
5103652,CLAYTON RESERVOIR NO 1,7200646,GRAND VALLEY PROJECT,42.0
3703604,WEBSTER FISH POND NO 1,7200646,GRAND VALLEY PROJECT,42.0
5102115,MIN FLOW WILLOW CREEK CABIN CK - BLM,7200646,GRAND VALLEY PROJECT,42.0
3703605,WEBSTER FISH POND NO 2,7200646,GRAND VALLEY PROJECT,42.0
5102069,MIN FLOW COLORADO RIVER RANGER CK-GRANBY RESERVOIR,7200646,GRAND VALLEY PROJECT,42.0
3703606,WEBSTER FISH POND NO 3,7200646,GRAND VALLEY PROJECT,42.0
5102068,MIN FLOW NORTH FORK COLORADO RIVER,7200646,GRAND VALLEY PROJECT,42.0
3703607,STAUFER RESERVOIR,7200646,GRAND VALLEY PROJECT,42.0
5102048,MIN LEVEL STONE LAKE,7200646,GRAND VALLEY PROJECT,42.0
5003612,DIETRICH RESERVOIR,7200646,GRAND VALLEY PROJECT,42.0
5102047,MIN LEVEL PAWNEE LAKE,7200646,GRAND VALLEY PROJECT,42.0
3703614,BEST POND,7200646,GRAND VALLEY PROJECT,42.0
5102046,MIN LEVEL PARIKA LAKE,7200646,GRAND VALLEY PROJECT,42.0
3703596,COTTON POND,7200646,GRAND VALLEY PROJECT,42.0
3703595,GOLF COURSE RES NO 2,7200646,GRAND VALLEY PROJECT,42.0
5103684,MARTE-LINKE RESERVOIR,7200646,GRAND VALLEY PROJECT,42.0
3703594,GOLF COURSE RES NO 1,7200646,GRAND VALLEY PROJECT,42.0
5103725,MORAINE LAKE NO 2,7200646,GRAND VALLEY PROJECT,42.0
3703550,MIN LAKE FANCY,7200646,GRAND VALLEY PROJECT,42.0
5103724,MORAINE LAKE NO 1,7200646,GRAND VALLEY PROJECT,42.0
3703551,MIN LAKE GORE LAKE,7200646,GRAND VALLEY PROJECT,42.0
5103716,EASTWIND NO 1 RESERVOIR,7200646,GRAND VALLEY PROJECT,42.0
3703552,MIN LAKE GROUSE LAKE,7200646,GRAND VALLEY PROJECT,42.0
3703554,MIN LAKE HUNKY DORY,7200646,GRAND VALLEY PROJECT,42.0
5103713,CONRICK RESERVOIR,7200646,GRAND VALLEY PROJECT,42.0
3703556,MIN LAKE LAKE THOMAS,7200646,GRAND VALLEY PROJECT,42.0
3703569,MIN LAKE MUCKEY,7200646,GRAND VALLEY PROJECT,42.0
3704516,HOMESTAKE PROJ RESERVOIR,7200646,GRAND VALLEY PROJECT,42.0
3703580,SCUDDER RESERVOIR,7200646,GRAND VALLEY PROJECT,42.0
5103694,SCHOLL RESERVOIR,7200646,GRAND VALLEY PROJECT,42.0
3703590,MIN LAKE WHITNEY,7200646,GRAND VALLEY PROJECT,42.0
5103693,ROCK CREEK RESERVOIR,7200646,GRAND VALLEY PROJECT,42.0
3703591,WILKINSON RESERVOIR,7200646,GRAND VALLEY PROJECT,42.0
5103688,MUSGRAVE RESERVOIR,7200646,GRAND VALLEY PROJECT,42.0
5103695,CBT SHADOW MOUNTAIN LAKE,7200646,GRAND VALLEY PROJECT,42.0
3603628,FRED H POND,5300584,SHOSHONE POWER PLANT,1.0
5104060,ASPEN CANYON RANCH POND 1,5300584,SHOSHONE POWER PLANT,1.0
5104057,CORRAL CREEK POND,5300584,SHOSHONE POWER PLANT,1.0
3703697,O'LAUGHLIN POND NO 2,5300584,SHOSHONE POWER PLANT,1.0
3703696,O'LAUGHLIN POND NO 1,5300584,SHOSHONE POWER PLANT,1.0
5203978,HARTMAN RESERVOIR,5300584,SHOSHONE POWER PLANT,1.0
